,zip_code,0-5_slots_built,total_slots_built,small_buildings,med_buildings,large_buildings,05_added,512_added,012_added,012_existing,05_existing,new_total_05,new_total_012,05_pop,012_pop,is_hd
0,10001.0,400.0,800.0,0.0,0.0,2.0,87.0,0.0,87.0,609,9.0,496.0,1496.0,744.0,2093.0,0.0
1,10002.0,800.0,1600.0,0.0,0.0,4.0,533.0,0.0,533.0,4729,95.0,1428.0,6862.0,2142.0,7106.0,1.0
2,10003.0,800.0,1600.0,0.0,0.0,4.0,160.0,0.0,160.0,1995,0.0,960.0,3755.0,1440.0,3045.0,0.0
3,10004.0,250.0,500.0,1.0,0.0,1.0,39.0,0.0,39.0,263,0.0,289.0,802.0,433.0,711.0,0.0
4,10005.0,400.0,800.0,0.0,0.0,2.0,0.0,0.0,0.0,39,0.0,400.0,839.0,484.0,825.0,1.0
5,10006.0,50.0,100.0,1.0,0.0,0.0,22.0,0.0,22.0,156,14.0,86.0,278.0,128.0,269.0,1.0
6,10007.0,400.0,800.0,0.0,0.0,2.0,4.0,0.0,4.0,284,0.0,404.0,1088.0,605.0,1230.0,0.0
7,10009.0,1000.0,2000.0,0.0,0.0,5.0,205.0,0.0,205.0,1784,59.0,1264.0,3989.0,1896.0,4655.0,0.0
8,10010.0,1000.0,2000.0,0.0,0.0,5.0,0.0,0.0,0.0,234,0.0,1000.0,2234.0,1422.0,3582.0,0.0
9,10011.0,600.0,1200.0,0.0,0.0,3.0,162.0,0.0,162.0,1956,44.0,806.0,3318.0,1209.0,3227.0,0.0
10,10012.0,400.0,800.0,0.0,0.0,2.0,2.0,0.0,2.0,24,7.0,409.0,826.0,613.0,1018.0,0.0
11,10013.0,800.0,1600.0,0.0,0.0,4.0,28.0,0.0,28.0,435,5.0,833.0,2063.0,1249.0,3182.0,0.0
12,10014.0,400.0,800.0,0.0,0.0,2.0,1.0,0.0,1.0,1711,71.0,472.0,2512.0,708.0,1571.0,1.0
13,10016.0,1200.0,2400.0,0.0,0.0,6.0,0.0,0.0,0.0,823,5.0,1205.0,3223.0,1798.0,3905.0,0.0
14,10017.0,200.0,400.0,0.0,0.0,1.0,0.0,0.0,0.0,107,0.0,200.0,507.0,193.0,509.0,1.0
15,10019.0,650.0,1300.0,1.0,0.0,3.0,66.0,0.0,66.0,591,17.0,733.0,1957.0,1099.0,2092.0,1.0
16,10021.0,1200.0,2400.0,0.0,0.0,6.0,0.0,0.0,0.0,460,0.0,1200.0,2860.0,1787.0,4337.0,0.0
17,10022.0,850.0,1700.0,1.0,0.0,4.0,0.0,0.0,0.0,16,5.0,855.0,1716.0,1228.0,2802.0,0.0
18,10023.0,2200.0,4400.0,0.0,0.0,11.0,159.0,0.0,159.0,1099,7.0,2366.0,5658.0,3548.0,7300.0,0.0
19,10024.0,2800.0,5600.0,0.0,0.0,14.0,0.0,0.0,0.0,1243,52.0,2852.0,6843.0,4221.0,8854.0,0.0
20,10025.0,2600.0,5200.0,0.0,0.0,13.0,237.0,0.0,237.0,2553,163.0,3000.0,7990.0,4499.0,10173.0,0.0
21,10026.0,1200.0,2400.0,0.0,0.0,6.0,124.0,0.0,124.0,1706,158.0,1482.0,4230.0,2222.0,5481.0,0.0
22,10027.0,2000.0,4000.0,0.0,0.0,10.0,281.0,0.0,281.0,3758,143.0,2424.0,8039.0,3636.0,8854.0,0.0
23,10028.0,1050.0,2100.0,1.0,0.0,5.0,50.0,0.0,50.0,348,46.0,1146.0,2498.0,1719.0,4898.0,0.0
24,10029.0,2200.0,4400.0,0.0,0.0,11.0,306.0,0.0,306.0,3358,138.0,2644.0,8064.0,3965.0,9673.0,1.0
25,10030.0,1000.0,2000.0,0.0,0.0,5.0,181.0,0.0,181.0,1272,67.0,1248.0,3453.0,1872.0,4235.0,1.0
26,10031.0,1200.0,2400.0,0.0,0.0,6.0,152.0,0.0,152.0,1577,221.0,1573.0,4129.0,2359.0,6585.0,1.0
27,10032.0,1000.0,2000.0,0.0,0.0,5.0,178.0,0.0,178.0,3222,314.0,1492.0,5400.0,2238.0,5908.0,1.0
28,10033.0,1600.0,3200.0,0.0,0.0,8.0,178.0,0.0,178.0,2893,360.0,2138.0,6271.0,3206.0,7244.0,1.0
29,10034.0,1200.0,2400.0,0.0,0.0,6.0,217.0,0.0,217.0,3126,327.0,1744.0,5743.0,2615.0,5804.0,1.0
30,10035.0,1400.0,2800.0,0.0,0.0,7.0,144.0,0.0,144.0,2075,44.0,1588.0,5019.0,2382.0,5722.0,1.0
31,10036.0,400.0,800.0,0.0,0.0,2.0,23.0,0.0,23.0,686,0.0,423.0,1509.0,634.0,1589.0,0.0
32,10037.0,600.0,1200.0,0.0,0.0,3.0,37.0,0.0,37.0,586,77.0,714.0,1823.0,1070.0,2566.0,1.0
33,10038.0,400.0,800.0,0.0,0.0,2.0,91.0,0.0,91.0,802,24.0,515.0,1693.0,772.0,2127.0,0.0
34,10039.0,1000.0,2000.0,0.0,0.0,5.0,159.0,0.0,159.0,1423,107.0,1266.0,3582.0,1898.0,4632.0,1.0
35,10040.0,800.0,1600.0,0.0,0.0,4.0,155.0,0.0,155.0,2594,359.0,1314.0,4349.0,1970.0,5650.0,1.0
36,10044.0,600.0,1200.0,0.0,0.0,3.0,21.0,0.0,21.0,489,5.0,626.0,1710.0,939.0,1756.0,0.0
37,10065.0,1400.0,2800.0,0.0,0.0,7.0,47.0,0.0,47.0,845,40.0,1487.0,3692.0,2230.0,4100.0,0.0
38,10069.0,500.0,1000.0,0.0,1.0,2.0,0.0,0.0,0.0,16,5.0,505.0,1016.0,690.0,1285.0,0.0
39,10075.0,800.0,1600.0,0.0,0.0,4.0,29.0,0.0,29.0,235,0.0,829.0,1864.0,1243.0,2520.0,0.0
40,10128.0,1850.0,3700.0,1.0,0.0,9.0,11.0,0.0,11.0,301,0.0,1861.0,4012.0,2791.0,5659.0,0.0
41,10280.0,250.0,500.0,1.0,0.0,1.0,0.0,0.0,0.0,509,0.0,250.0,1009.0,318.0,630.0,0.0
42,10282.0,250.0,500.0,1.0,0.0,1.0,29.0,0.0,29.0,279,0.0,279.0,808.0,418.0,1338.0,0.0
43,10301.0,1600.0,3200.0,0.0,0.0,8.0,133.0,0.0,133.0,1905,121.0,1854.0,5238.0,2780.0,6133.0,0.0
44,10302.0,800.0,1600.0,0.0,0.0,4.0,13.0,0.0,13.0,744,79.0,892.0,2357.0,1338.0,3324.0,1.0
45,10303.0,600.0,1200.0,0.0,0.0,3.0,41.0,0.0,41.0,1629,201.0,842.0,2870.0,1262.0,4304.0,1.0
46,10304.0,1200.0,2400.0,0.0,0.0,6.0,103.0,0.0,103.0,2020,187.0,1490.0,4523.0,2234.0,6930.0,0.0
47,10305.0,1000.0,2000.0,0.0,0.0,5.0,40.0,0.0,40.0,786,62.0,1102.0,2826.0,1653.0,5261.0,0.0
48,10306.0,1600.0,3200.0,0.0,0.0,8.0,93.0,0.0,93.0,578,45.0,1738.0,3871.0,2606.0,7927.0,0.0
49,10307.0,700.0,1400.0,0.0,1.0,3.0,32.0,0.0,32.0,259,0.0,732.0,1691.0,1098.0,2206.0,0.0
50,10308.0,700.0,1400.0,0.0,1.0,3.0,21.0,0.0,21.0,447,17.0,738.0,1868.0,1106.0,3888.0,0.0
51,10309.0,1250.0,2500.0,1.0,0.0,6.0,38.0,0.0,38.0,297,3.0,1291.0,2835.0,1936.0,5375.0,0.0
52,10310.0,1200.0,2400.0,0.0,0.0,6.0,155.0,0.0,155.0,1168,90.0,1445.0,3723.0,2167.0,4759.0,0.0
53,10312.0,2400.0,4800.0,0.0,0.0,12.0,0.0,0.0,0.0,1140,57.0,2457.0,5940.0,3668.0,10087.0,0.0
54,10314.0,3400.0,6800.0,0.0,0.0,17.0,48.0,0.0,48.0,1654,65.0,3513.0,8502.0,5269.0,14464.0,0.0
55,10451.0,1800.0,3600.0,0.0,0.0,9.0,116.0,0.0,116.0,3287,414.0,2330.0,7003.0,3494.0,9238.0,1.0
56,10452.0,2000.0,4000.0,0.0,0.0,10.0,453.0,0.0,453.0,7000,1188.0,3641.0,11453.0,5461.0,15441.0,1.0
57,10453.0,2200.0,4400.0,0.0,0.0,11.0,291.0,0.0,291.0,6841,1160.0,3651.0,11532.0,5476.0,15655.0,1.0
58,10454.0,1400.0,2800.0,0.0,0.0,7.0,271.0,0.0,271.0,3163,243.0,1914.0,6234.0,2870.0,7936.0,1.0
59,10455.0,1000.0,2000.0,0.0,0.0,5.0,267.0,0.0,267.0,3035,405.0,1672.0,5302.0,2507.0,8493.0,1.0
60,10456.0,3000.0,6000.0,0.0,0.0,15.0,520.0,0.0,520.0,7286,959.0,4479.0,13806.0,6718.0,17022.0,1.0
61,10457.0,3000.0,6000.0,0.0,0.0,15.0,480.0,0.0,480.0,6559,1044.0,4524.0,13039.0,6785.0,17266.0,1.0
62,10458.0,2600.0,5200.0,0.0,0.0,13.0,140.0,0.0,140.0,4657,984.0,3724.0,9997.0,5585.0,15615.0,1.0
63,10459.0,2000.0,4000.0,0.0,0.0,10.0,118.0,0.0,118.0,4018,531.0,2649.0,8136.0,3973.0,9861.0,1.0
64,10460.0,1800.0,3600.0,0.0,0.0,9.0,181.0,0.0,181.0,4820,675.0,2656.0,8601.0,3983.0,10813.0,1.0
65,10461.0,1600.0,3200.0,0.0,0.0,8.0,62.0,0.0,62.0,1462,172.0,1834.0,4724.0,2750.0,7920.0,1.0
66,10462.0,3000.0,6000.0,0.0,0.0,15.0,240.0,0.0,240.0,3425,481.0,3721.0,9665.0,5581.0,13363.0,1.0
67,10463.0,2200.0,4400.0,0.0,0.0,11.0,278.0,0.0,278.0,4249,491.0,2969.0,8927.0,4453.0,10689.0,0.0
68,10464.0,50.0,100.0,1.0,0.0,0.0,0.0,0.0,0.0,114,5.0,55.0,214.0,75.0,518.0,0.0
69,10465.0,1800.0,3600.0,0.0,0.0,9.0,110.0,0.0,110.0,1888,269.0,2179.0,5598.0,3268.0,7206.0,0.0
70,10466.0,2200.0,4400.0,0.0,0.0,11.0,173.0,0.0,173.0,3192,556.0,2929.0,7765.0,4393.0,11961.0,1.0
71,10467.0,3000.0,6000.0,0.0,0.0,15.0,302.0,0.0,302.0,6220,926.0,4228.0,12522.0,6341.0,17084.0,1.0
72,10468.0,3400.0,6800.0,0.0,0.0,17.0,26.0,0.0,26.0,4308,1022.0,4448.0,11134.0,6671.0,15651.0,1.0
73,10469.0,2400.0,4800.0,0.0,0.0,12.0,180.0,0.0,180.0,2315,409.0,2989.0,7295.0,4483.0,10980.0,1.0
74,10470.0,800.0,1600.0,0.0,0.0,4.0,0.0,0.0,0.0,632,85.0,885.0,2232.0,1311.0,2154.0,1.0
75,10471.0,600.0,1200.0,0.0,0.0,3.0,32.0,0.0,32.0,284,45.0,677.0,1516.0,1015.0,2508.0,0.0
76,10472.0,2800.0,5600.0,0.0,0.0,14.0,174.0,0.0,174.0,3593,574.0,3548.0,9367.0,5321.0,12390.0,1.0
77,10473.0,1800.0,3600.0,0.0,0.0,9.0,341.0,0.0,341.0,3548,354.0,2495.0,7489.0,3742.0,9701.0,1.0
78,10474.0,600.0,1200.0,0.0,0.0,3.0,0.0,0.0,0.0,1194,84.0,684.0,2394.0,1001.0,2601.0,1.0
79,10475.0,1800.0,3600.0,0.0,0.0,9.0,211.0,0.0,211.0,1808,66.0,2077.0,5619.0,3115.0,6456.0,1.0
80,10502.0,200.0,400.0,0.0,0.0,1.0,5.0,0.0,5.0,273,10.0,215.0,678.0,322.0,1006.0,0.0
81,10504.0,0.0,0.0,0.0,0.0,0.0,0.0,0.0,0.0,706,547.0,547.0,706.0,521.0,1472.0,0.0
82,10506.0,200.0,400.0,0.0,0.0,1.0,0.0,0.0,0.0,80,12.0,212.0,480.0,316.0,1147.0,0.0
83,10507.0,200.0,400.0,0.0,0.0,1.0,0.0,0.0,0.0,220,151.0,351.0,620.0,425.0,1062.0,0.0
84,10509.0,0.0,0.0,0.0,0.0,0.0,0.0,0.0,0.0,1015,800.0,800.0,1015.0,1103.0,2941.0,0.0
85,10510.0,0.0,0.0,0.0,0.0,0.0,0.0,0.0,0.0,704,378.0,378.0,704.0,375.0,1430.0,0.0
86,10511.0,100.0,200.0,0.0,1.0,0.0,0.0,0.0,0.0,72,10.0,110.0,272.0,119.0,302.0,0.0
87,10512.0,600.0,1200.0,0.0,0.0,3.0,0.0,0.0,0.0,230,157.0,757.0,1430.0,1127.0,2902.0,0.0
88,10514.0,100.0,200.0,0.0,1.0,0.0,0.0,23.0,23.0,585,424.0,524.0,808.0,732.0,2422.0,0.0
89,10516.0,50.0,100.0,1.0,0.0,0.0,0.0,0.0,0.0,163,152.0,202.0,263.0,283.0,716.0,0.0
90,10520.0,0.0,0.0,0.0,0.0,0.0,0.0,0.0,0.0,847,546.0,546.0,847.0,618.0,1867.0,0.0
91,10522.0,0.0,0.0,0.0,0.0,0.0,0.0,0.0,0.0,581,449.0,449.0,581.0,592.0,1720.0,0.0
92,10523.0,0.0,0.0,0.0,0.0,0.0,2.0,0.0,2.0,733,454.0,456.0,735.0,684.0,1580.0,0.0
93,10524.0,100.0,200.0,0.0,1.0,0.0,0.0,0.0,0.0,16,5.0,105.0,216.0,131.0,506.0,0.0
94,10527.0,0.0,0.0,0.0,0.0,0.0,0.0,0.0,0.0,64,64.0,64.0,64.0,15.0,71.0,1.0
95,10528.0,0.0,0.0,0.0,0.0,0.0,24.0,79.0,103.0,690,500.0,524.0,793.0,786.0,2378.0,0.0
96,10530.0,400.0,800.0,0.0,0.0,2.0,0.0,0.0,0.0,405,182.0,582.0,1205.0,867.0,1746.0,0.0
97,10532.0,0.0,0.0,0.0,0.0,0.0,17.0,0.0,17.0,381,176.0,193.0,398.0,289.0,708.0,0.0
98,10533.0,250.0,500.0,1.0,0.0,1.0,21.0,0.0,21.0,157,88.0,359.0,678.0,538.0,1726.0,0.0
99,10535.0,0.0,0.0,0.0,0.0,0.0,5.0,0.0,5.0,100,0.0,5.0,105.0,7.0,10.0,1.0
100,10536.0,200.0,400.0,0.0,0.0,1.0,0.0,0.0,0.0,315,241.0,441.0,715.0,515.0,1906.0,0.0
101,10538.0,400.0,800.0,0.0,0.0,2.0,37.0,0.0,37.0,455,372.0,809.0,1292.0,1213.0,3813.0,0.0
102,10541.0,200.0,400.0,0.0,0.0,1.0,43.0,0.0,43.0,958,623.0,866.0,1401.0,1299.0,3816.0,0.0
103,10543.0,200.0,400.0,0.0,0.0,1.0,132.0,0.0,132.0,867,430.0,762.0,1399.0,1142.0,3708.0,0.0
104,10547.0,0.0,0.0,0.0,0.0,0.0,0.0,0.0,0.0,817,497.0,497.0,817.0,370.0,1005.0,0.0
105,10548.0,200.0,400.0,0.0,0.0,1.0,0.0,0.0,0.0,121,61.0,261.0,521.0,303.0,599.0,0.0
106,10549.0,250.0,500.0,1.0,0.0,1.0,96.0,0.0,96.0,734,584.0,930.0,1330.0,1395.0,2646.0,0.0
107,10550.0,1000.0,2000.0,0.0,0.0,5.0,0.0,0.0,0.0,1162,479.0,1479.0,3162.0,2127.0,6193.0,1.0
108,10552.0,400.0,800.0,0.0,0.0,2.0,42.0,0.0,42.0,596,247.0,689.0,1438.0,1033.0,2518.0,0.0
109,10553.0,250.0,500.0,1.0,0.0,1.0,1.0,0.0,1.0,156,41.0,292.0,657.0,438.0,1213.0,1.0
110,10560.0,250.0,500.0,1.0,0.0,1.0,6.0,0.0,6.0,129,0.0,256.0,635.0,383.0,864.0,0.0
111,10562.0,400.0,800.0,0.0,0.0,2.0,161.0,0.0,161.0,1737,611.0,1172.0,2698.0,1757.0,4094.0,0.0
112,10566.0,200.0,400.0,0.0,0.0,1.0,56.0,0.0,56.0,862,438.0,694.0,1318.0,1040.0,2885.0,0.0
113,10567.0,600.0,1200.0,0.0,0.0,3.0,0.0,0.0,0.0,303,183.0,783.0,1503.0,1135.0,2999.0,0.0
114,10570.0,250.0,500.0,1.0,0.0,1.0,51.0,0.0,51.0,316,139.0,440.0,867.0,659.0,1911.0,0.0
115,10573.0,800.0,1600.0,0.0,0.0,4.0,101.0,0.0,101.0,1573,598.0,1499.0,3274.0,2248.0,5926.0,0.0
116,10576.0,100.0,200.0,0.0,1.0,0.0,0.0,0.0,0.0,40,0.0,100.0,240.0,98.0,459.0,0.0
117,10577.0,0.0,0.0,0.0,0.0,0.0,0.0,0.0,0.0,365,341.0,341.0,365.0,212.0,376.0,0.0
118,10579.0,0.0,0.0,0.0,0.0,0.0,53.0,0.0,53.0,310,80.0,133.0,363.0,199.0,918.0,0.0
119,10580.0,400.0,800.0,0.0,0.0,2.0,0.0,0.0,0.0,410,268.0,668.0,1210.0,801.0,3427.0,0.0
120,10583.0,400.0,800.0,0.0,0.0,2.0,0.0,0.0,0.0,1776,1359.0,1759.0,2576.0,2181.0,7642.0,0.0
121,10588.0,250.0,500.0,1.0,0.0,1.0,0.0,0.0,0.0,41,0.0,250.0,541.0,322.0,567.0,0.0
122,10589.0,100.0,200.0,0.0,1.0,0.0,0.0,0.0,0.0,210,64.0,164.0,410.0,182.0,703.0,1.0
123,10590.0,50.0,100.0,1.0,0.0,0.0,3.0,0.0,3.0,245,163.0,216.0,348.0,324.0,1040.0,0.0
124,10591.0,0.0,0.0,0.0,0.0,0.0,160.0,0.0,160.0,1667,750.0,910.0,1827.0,1364.0,3198.0,0.0
125,10594.0,250.0,500.0,1.0,0.0,1.0,0.0,0.0,0.0,32,10.0,260.0,532.0,359.0,951.0,0.0
126,10595.0,0.0,0.0,0.0,0.0,0.0,0.0,0.0,0.0,740,620.0,620.0,740.0,356.0,788.0,0.0
127,10598.0,0.0,0.0,0.0,0.0,0.0,0.0,0.0,0.0,1592,1068.0,1068.0,1592.0,1277.0,4246.0,0.0
128,10601.0,0.0,0.0,0.0,0.0,0.0,0.0,54.0,54.0,284,229.0,229.0,338.0,330.0,1014.0,0.0
129,10603.0,650.0,1300.0,1.0,0.0,3.0,37.0,0.0,37.0,338,83.0,770.0,1675.0,1155.0,3054.0,0.0
130,10604.0,0.0,0.0,0.0,0.0,0.0,31.0,9.0,40.0,727,441.0,472.0,767.0,707.0,2300.0,0.0
131,10605.0,0.0,0.0,0.0,0.0,0.0,0.0,0.0,0.0,2123,1489.0,1489.0,2123.0,979.0,2616.0,0.0
132,10606.0,0.0,0.0,0.0,0.0,0.0,23.0,0.0,23.0,923,605.0,628.0,946.0,941.0,2268.0,0.0
133,10607.0,0.0,0.0,0.0,0.0,0.0,0.0,64.0,64.0,345,228.0,228.0,409.0,334.0,818.0,1.0
134,10701.0,1800.0,3600.0,0.0,0.0,9.0,244.0,0.0,244.0,2656,1082.0,3126.0,6500.0,4688.0,11620.0,1.0
135,10703.0,400.0,800.0,0.0,0.0,2.0,126.0,0.0,126.0,983,296.0,822.0,1909.0,1232.0,3004.0,0.0
136,10704.0,1100.0,2200.0,0.0,1.0,5.0,10.0,0.0,10.0,620,140.0,1250.0,2830.0,1875.0,4423.0,0.0
137,10705.0,800.0,1600.0,0.0,0.0,4.0,42.0,0.0,42.0,1750,464.0,1306.0,3392.0,1959.0,5959.0,1.0
138,10706.0,0.0,0.0,0.0,0.0,0.0,0.0,0.0,0.0,630,322.0,322.0,630.0,407.0,1279.0,0.0
139,10707.0,200.0,400.0,0.0,0.0,1.0,0.0,0.0,0.0,357,294.0,494.0,757.0,715.0,1480.0,0.0
140,10708.0,650.0,1300.0,1.0,0.0,3.0,13.0,0.0,13.0,193,93.0,756.0,1506.0,1133.0,2903.0,0.0
141,10709.0,200.0,400.0,0.0,0.0,1.0,72.0,0.0,72.0,437,52.0,324.0,909.0,485.0,1624.0,0.0
142,10710.0,800.0,1600.0,0.0,0.0,4.0,0.0,0.0,0.0,757,46.0,846.0,2357.0,1211.0,3319.0,0.0
143,10801.0,400.0,800.0,0.0,0.0,2.0,200.0,0.0,200.0,2388,626.0,1226.0,3388.0,1839.0,5582.0,0.0
144,10803.0,100.0,200.0,0.0,1.0,0.0,0.0,42.0,42.0,660,559.0,659.0,902.0,656.0,2705.0,0.0
145,10804.0,0.0,0.0,0.0,0.0,0.0,0.0,0.0,0.0,1215,695.0,695.0,1215.0,664.0,2805.0,0.0
146,10805.0,600.0,1200.0,0.0,0.0,3.0,36.0,0.0,36.0,238,127.0,763.0,1474.0,1144.0,2381.0,0.0
147,10901.0,400.0,800.0,0.0,0.0,2.0,119.0,0.0,119.0,973,334.0,853.0,1892.0,1279.0,3968.0,0.0
148,10913.0,0.0,0.0,0.0,0.0,0.0,0.0,0.0,0.0,363,190.0,190.0,363.0,141.0,641.0,0.0
149,10916.0,200.0,400.0,0.0,0.0,1.0,0.0,0.0,0.0,8,2.0,202.0,408.0,154.0,656.0,0.0
150,10917.0,200.0,400.0,0.0,0.0,1.0,0.0,0.0,0.0,175,53.0,253.0,575.0,295.0,448.0,0.0
151,10918.0,400.0,800.0,0.0,0.0,2.0,17.0,0.0,17.0,166,95.0,512.0,983.0,767.0,1808.0,0.0
152,10919.0,0.0,0.0,0.0,0.0,0.0,16.0,0.0,16.0,100,0.0,16.0,116.0,23.0,101.0,0.0
153,10920.0,0.0,0.0,0.0,0.0,0.0,0.0,0.0,0.0,462,282.0,282.0,462.0,389.0,1107.0,0.0
154,10921.0,0.0,0.0,0.0,0.0,0.0,23.0,4.0,27.0,182,125.0,148.0,209.0,222.0,625.0,0.0
155,10923.0,450.0,900.0,1.0,0.0,2.0,0.0,0.0,0.0,171,121.0,571.0,1071.0,844.0,1806.0,0.0
156,10924.0,200.0,400.0,0.0,0.0,1.0,0.0,0.0,0.0,435,344.0,544.0,835.0,730.0,1925.0,0.0
157,10925.0,100.0,200.0,0.0,1.0,0.0,0.0,0.0,0.0,69,9.0,109.0,269.0,160.0,534.0,0.0
158,10926.0,200.0,400.0,0.0,0.0,1.0,0.0,0.0,0.0,40,0.0,200.0,440.0,250.0,604.0,0.0
159,10927.0,400.0,800.0,0.0,0.0,2.0,0.0,0.0,0.0,619,317.0,717.0,1419.0,1057.0,2267.0,1.0
160,10928.0,200.0,400.0,0.0,0.0,1.0,0.0,0.0,0.0,101,7.0,207.0,501.0,222.0,787.0,0.0
161,10930.0,200.0,400.0,0.0,0.0,1.0,0.0,0.0,0.0,92,65.0,265.0,492.0,323.0,1310.0,0.0
162,10940.0,1400.0,2800.0,0.0,0.0,7.0,7.0,0.0,7.0,1566,877.0,2284.0,4373.0,3426.0,8667.0,0.0
163,10941.0,0.0,0.0,0.0,0.0,0.0,0.0,0.0,0.0,723,506.0,506.0,723.0,643.0,1766.0,0.0
164,10950.0,5200.0,10400.0,0.0,0.0,26.0,46.0,0.0,46.0,713,526.0,5772.0,11159.0,8658.0,20702.0,0.0
165,10952.0,4500.0,9000.0,0.0,1.0,22.0,0.0,0.0,0.0,581,267.0,4767.0,9581.0,7131.0,16206.0,0.0
166,10954.0,800.0,1600.0,0.0,0.0,4.0,1.0,0.0,1.0,952,162.0,963.0,2553.0,1444.0,3621.0,0.0
167,10956.0,0.0,0.0,0.0,0.0,0.0,194.0,0.0,194.0,1649,886.0,1080.0,1843.0,1619.0,4514.0,0.0
168,10960.0,100.0,200.0,0.0,1.0,0.0,12.0,0.0,12.0,460,300.0,412.0,672.0,618.0,1768.0,0.0
169,10962.0,200.0,400.0,0.0,0.0,1.0,0.0,0.0,0.0,16,5.0,205.0,416.0,180.0,618.0,0.0
170,10963.0,50.0,100.0,1.0,0.0,0.0,18.0,0.0,18.0,124,56.0,124.0,242.0,185.0,572.0,0.0
171,10964.0,0.0,0.0,0.0,0.0,0.0,0.0,0.0,0.0,135,111.0,111.0,135.0,21.0,128.0,0.0
172,10965.0,200.0,400.0,0.0,0.0,1.0,53.0,0.0,53.0,615,403.0,656.0,1068.0,984.0,2806.0,0.0
173,10968.0,0.0,0.0,0.0,0.0,0.0,0.0,0.0,0.0,173,173.0,173.0,173.0,167.0,251.0,0.0
174,10970.0,650.0,1300.0,1.0,0.0,3.0,27.0,0.0,27.0,201,135.0,812.0,1528.0,1218.0,2331.0,0.0
175,10973.0,0.0,0.0,0.0,0.0,0.0,0.0,0.0,0.0,183,148.0,148.0,183.0,33.0,383.0,0.0
176,10974.0,200.0,400.0,0.0,0.0,1.0,0.0,0.0,0.0,48,13.0,213.0,448.0,208.0,455.0,0.0
177,10977.0,4200.0,8400.0,0.0,0.0,21.0,161.0,37.0,198.0,2303,1355.0,5716.0,10901.0,8574.0,21802.0,1.0
178,10980.0,400.0,800.0,0.0,0.0,2.0,0.0,0.0,0.0,349,149.0,549.0,1149.0,771.0,1914.0,0.0
179,10983.0,100.0,200.0,0.0,1.0,0.0,6.0,0.0,6.0,246,5.0,111.0,452.0,166.0,612.0,0.0
180,10984.0,200.0,400.0,0.0,0.0,1.0,0.0,0.0,0.0,143,2.0,202.0,543.0,298.0,567.0,0.0
181,10987.0,100.0,200.0,0.0,1.0,0.0,4.0,0.0,4.0,40,0.0,104.0,244.0,155.0,411.0,0.0
182,10989.0,50.0,100.0,1.0,0.0,0.0,12.0,0.0,12.0,261,128.0,190.0,373.0,284.0,884.0,0.0
183,10990.0,200.0,400.0,0.0,0.0,1.0,0.0,0.0,0.0,466,299.0,499.0,866.0,714.0,2512.0,0.0
184,10992.0,200.0,400.0,0.0,0.0,1.0,0.0,0.0,0.0,360,232.0,432.0,760.0,584.0,1656.0,0.0
185,10993.0,0.0,0.0,0.0,0.0,0.0,0.0,0.0,0.0,401,310.0,310.0,401.0,73.0,325.0,1.0
186,10994.0,0.0,0.0,0.0,0.0,0.0,22.0,0.0,22.0,825,164.0,186.0,847.0,279.0,783.0,1.0
187,10998.0,200.0,400.0,0.0,0.0,1.0,0.0,0.0,0.0,43,43.0,243.0,443.0,258.0,641.0,0.0
188,11001.0,450.0,900.0,1.0,0.0,2.0,56.0,0.0,56.0,537,242.0,748.0,1493.0,1121.0,3857.0,0.0
189,11003.0,1200.0,2400.0,0.0,0.0,6.0,182.0,0.0,182.0,2415,400.0,1782.0,4997.0,2672.0,6251.0,0.0
190,11004.0,600.0,1200.0,0.0,0.0,3.0,0.0,0.0,0.0,427,0.0,600.0,1627.0,894.0,1980.0,0.0
191,11010.0,1000.0,2000.0,0.0,0.0,5.0,0.0,0.0,0.0,282,37.0,1037.0,2282.0,1458.0,3876.0,0.0
192,11020.0,50.0,100.0,1.0,0.0,0.0,10.0,4.0,14.0,142,62.0,122.0,256.0,182.0,768.0,0.0
193,11021.0,400.0,800.0,0.0,0.0,2.0,23.0,0.0,23.0,202,202.0,625.0,1025.0,937.0,2669.0,0.0
194,11023.0,250.0,500.0,1.0,0.0,1.0,33.0,0.0,33.0,355,219.0,502.0,888.0,753.0,2426.0,0.0
195,11024.0,200.0,400.0,0.0,0.0,1.0,68.0,0.0,68.0,552,302.0,570.0,1020.0,855.0,2195.0,0.0
196,11030.0,200.0,400.0,0.0,0.0,1.0,0.0,0.0,0.0,689,279.0,479.0,1089.0,718.0,2867.0,0.0
197,11040.0,400.0,800.0,0.0,0.0,2.0,165.0,0.0,165.0,1220,733.0,1298.0,2185.0,1947.0,5498.0,0.0
198,11042.0,0.0,0.0,0.0,0.0,0.0,0.0,0.0,0.0,282,282.0,282.0,282.0,0.0,0.0,1.0
199,11050.0,200.0,400.0,0.0,0.0,1.0,110.0,0.0,110.0,1928,976.0,1286.0,2438.0,1928.0,5795.0,0.0
200,11096.0,400.0,800.0,0.0,0.0,2.0,0.0,0.0,0.0,349,200.0,600.0,1149.0,892.0,2018.0,1.0
201,11101.0,1200.0,2400.0,0.0,0.0,6.0,170.0,0.0,170.0,1616,38.0,1408.0,4186.0,2111.0,4114.0,1.0
202,11102.0,800.0,1600.0,0.0,0.0,4.0,80.0,0.0,80.0,1390,36.0,916.0,3070.0,1373.0,2768.0,1.0
203,11103.0,1000.0,2000.0,0.0,0.0,5.0,0.0,0.0,0.0,524,34.0,1034.0,2524.0,1502.0,3090.0,0.0
204,11104.0,1000.0,2000.0,0.0,0.0,5.0,161.0,0.0,161.0,1229,19.0,1180.0,3390.0,1769.0,3583.0,0.0
205,11105.0,1200.0,2400.0,0.0,0.0,6.0,160.0,0.0,160.0,830,42.0,1402.0,3390.0,2103.0,4688.0,0.0
206,11106.0,1200.0,2400.0,0.0,0.0,6.0,23.0,0.0,23.0,1535,76.0,1299.0,3958.0,1948.0,4400.0,0.0
207,11109.0,600.0,1200.0,0.0,0.0,3.0,0.0,0.0,0.0,89,0.0,600.0,1289.0,878.0,1410.0,0.0
208,11201.0,3000.0,6000.0,0.0,0.0,15.0,214.0,0.0,214.0,1957,86.0,3300.0,8171.0,4950.0,9961.0,0.0
209,11203.0,2200.0,4400.0,0.0,0.0,11.0,211.0,0.0,211.0,3405,281.0,2692.0,8016.0,4037.0,10349.0,1.0
210,11204.0,4400.0,8800.0,0.0,0.0,22.0,226.0,0.0,226.0,3192,180.0,4806.0,12218.0,7209.0,18022.0,1.0
211,11205.0,3000.0,6000.0,0.0,0.0,15.0,114.0,0.0,114.0,918,54.0,3168.0,7032.0,4751.0,11535.0,0.0
212,11206.0,4400.0,8800.0,0.0,0.0,22.0,258.0,0.0,258.0,3393,144.0,4802.0,12451.0,7202.0,17938.0,1.0
213,11207.0,3200.0,6400.0,0.0,0.0,16.0,482.0,0.0,482.0,6232,569.0,4251.0,13114.0,6376.0,16329.0,1.0
214,11208.0,4800.0,9600.0,0.0,0.0,24.0,218.0,0.0,218.0,5054,500.0,5518.0,14872.0,8276.0,20481.0,1.0
215,11209.0,2600.0,5200.0,0.0,0.0,13.0,129.0,0.0,129.0,1423,62.0,2791.0,6752.0,4186.0,10035.0,0.0
216,11210.0,2000.0,4000.0,0.0,0.0,10.0,128.0,0.0,128.0,2014,189.0,2317.0,6142.0,3475.0,10397.0,0.0
217,11211.0,3000.0,6000.0,0.0,0.0,15.0,257.0,0.0,257.0,2453,51.0,3308.0,8710.0,4961.0,10546.0,0.0
218,11212.0,3200.0,6400.0,0.0,0.0,16.0,393.0,0.0,393.0,5430,333.0,3926.0,12223.0,5889.0,14647.0,1.0
219,11213.0,3000.0,6000.0,0.0,0.0,15.0,97.0,0.0,97.0,2191,127.0,3224.0,8288.0,4835.0,11829.0,1.0
220,11214.0,3200.0,6400.0,0.0,0.0,16.0,190.0,0.0,190.0,2498,97.0,3487.0,9088.0,5230.0,13955.0,1.0
221,11215.0,3200.0,6400.0,0.0,0.0,16.0,246.0,0.0,246.0,3125,362.0,3808.0,9771.0,5712.0,12625.0,0.0
222,11216.0,1800.0,3600.0,0.0,0.0,9.0,188.0,0.0,188.0,1778,84.0,2072.0,5566.0,3107.0,7416.0,0.0
223,11217.0,2400.0,4800.0,0.0,0.0,12.0,0.0,0.0,0.0,1183,82.0,2482.0,5983.0,3694.0,6266.0,0.0
224,11218.0,2800.0,5600.0,0.0,0.0,14.0,273.0,0.0,273.0,3087,215.0,3288.0,8960.0,4931.0,13788.0,0.0
225,11219.0,7600.0,15200.0,0.0,0.0,38.0,63.0,0.0,63.0,2595,421.0,8084.0,17858.0,12125.0,27619.0,1.0
226,11220.0,3400.0,6800.0,0.0,0.0,17.0,292.0,0.0,292.0,2411,163.0,3855.0,9503.0,5782.0,17404.0,1.0
227,11221.0,2600.0,5200.0,0.0,0.0,13.0,182.0,0.0,182.0,3111,296.0,3078.0,8493.0,4616.0,11557.0,1.0
228,11222.0,1600.0,3200.0,0.0,0.0,8.0,0.0,0.0,0.0,672,30.0,1630.0,3872.0,2443.0,4365.0,0.0
229,11223.0,4200.0,8400.0,0.0,0.0,21.0,168.0,0.0,168.0,1448,60.0,4428.0,10016.0,6642.0,16007.0,1.0
230,11224.0,1400.0,2800.0,0.0,0.0,7.0,79.0,0.0,79.0,1165,37.0,1516.0,4044.0,2274.0,6513.0,1.0
231,11225.0,1800.0,3600.0,0.0,0.0,9.0,56.0,0.0,56.0,1993,180.0,2036.0,5649.0,3053.0,7122.0,1.0
232,11226.0,3200.0,6400.0,0.0,0.0,16.0,267.0,0.0,267.0,3099,244.0,3711.0,9766.0,5566.0,13555.0,1.0
233,11228.0,1400.0,2800.0,0.0,0.0,7.0,85.0,0.0,85.0,1293,35.0,1520.0,4178.0,2279.0,5994.0,0.0
234,11229.0,3000.0,6000.0,0.0,0.0,15.0,66.0,0.0,66.0,1840,120.0,3186.0,7906.0,4778.0,13073.0,0.0
235,11230.0,5200.0,10400.0,0.0,0.0,26.0,0.0,0.0,0.0,824,130.0,5330.0,11224.0,7918.0,18097.0,0.0
236,11231.0,1800.0,3600.0,0.0,0.0,9.0,175.0,0.0,175.0,1462,137.0,2112.0,5237.0,3167.0,7076.0,0.0
237,11232.0,800.0,1600.0,0.0,0.0,4.0,109.0,0.0,109.0,1699,119.0,1028.0,3408.0,1542.0,4251.0,1.0
238,11233.0,3400.0,6800.0,0.0,0.0,17.0,219.0,0.0,219.0,3415,183.0,3802.0,10434.0,5703.0,13216.0,1.0
239,11234.0,2600.0,5200.0,0.0,0.0,13.0,212.0,0.0,212.0,2870,298.0,3110.0,8282.0,4665.0,13235.0,0.0
240,11235.0,2600.0,5200.0,0.0,0.0,13.0,139.0,0.0,139.0,1909,137.0,2876.0,7248.0,4313.0,10271.0,0.0
241,11236.0,3000.0,6000.0,0.0,0.0,15.0,341.0,0.0,341.0,4600,467.0,3808.0,10941.0,5712.0,15575.0,1.0
242,11237.0,1200.0,2400.0,0.0,0.0,6.0,64.0,0.0,64.0,1469,79.0,1343.0,3933.0,2014.0,5070.0,1.0
243,11238.0,2800.0,5600.0,0.0,0.0,14.0,74.0,0.0,74.0,2010,94.0,2968.0,7684.0,4452.0,7954.0,0.0
244,11239.0,200.0,400.0,0.0,0.0,1.0,81.0,0.0,81.0,802,44.0,325.0,1283.0,487.0,1967.0,1.0
245,11354.0,1600.0,3200.0,0.0,0.0,8.0,14.0,0.0,14.0,1253,42.0,1656.0,4467.0,2484.0,5448.0,1.0
246,11355.0,2200.0,4400.0,0.0,0.0,11.0,280.0,0.0,280.0,3453,63.0,2543.0,8133.0,3814.0,9399.0,1.0
247,11356.0,1200.0,2400.0,0.0,0.0,6.0,104.0,0.0,104.0,882,62.0,1366.0,3386.0,2049.0,4472.0,1.0
248,11357.0,1400.0,2800.0,0.0,0.0,7.0,32.0,0.0,32.0,1087,30.0,1462.0,3919.0,2193.0,6225.0,0.0
249,11358.0,1200.0,2400.0,0.0,0.0,6.0,94.0,0.0,94.0,679,55.0,1349.0,3173.0,2023.0,5074.0,1.0
250,11360.0,600.0,1200.0,0.0,0.0,3.0,0.0,0.0,0.0,485,10.0,610.0,1685.0,859.0,1936.0,0.0
251,11361.0,1000.0,2000.0,0.0,0.0,5.0,89.0,0.0,89.0,1501,60.0,1149.0,3590.0,1723.0,4063.0,0.0
252,11362.0,400.0,800.0,0.0,0.0,2.0,0.0,0.0,0.0,349,20.0,420.0,1149.0,626.0,1861.0,0.0
253,11363.0,200.0,400.0,0.0,0.0,1.0,0.0,0.0,0.0,226,40.0,240.0,626.0,334.0,1169.0,0.0
254,11364.0,1200.0,2400.0,0.0,0.0,6.0,43.0,0.0,43.0,1330,25.0,1268.0,3773.0,1901.0,5635.0,0.0
255,11365.0,1800.0,3600.0,0.0,0.0,9.0,69.0,0.0,69.0,1326,67.0,1936.0,4995.0,2904.0,7162.0,1.0
256,11366.0,400.0,800.0,0.0,0.0,2.0,95.0,0.0,95.0,587,60.0,555.0,1482.0,832.0,1878.0,0.0
257,11367.0,2200.0,4400.0,0.0,0.0,11.0,86.0,0.0,86.0,2221,257.0,2543.0,6707.0,3814.0,8176.0,1.0
258,11368.0,4800.0,9600.0,0.0,0.0,24.0,251.0,0.0,251.0,3073,212.0,5263.0,12924.0,7894.0,20047.0,1.0
259,11369.0,600.0,1200.0,0.0,0.0,3.0,106.0,0.0,106.0,1444,246.0,952.0,2750.0,1428.0,4201.0,1.0
260,11370.0,800.0,1600.0,0.0,0.0,4.0,0.0,0.0,0.0,454,72.0,872.0,2054.0,1279.0,3273.0,1.0
261,11372.0,2200.0,4400.0,0.0,0.0,11.0,232.0,0.0,232.0,1767,106.0,2538.0,6399.0,3806.0,9683.0,1.0
262,11373.0,3400.0,6800.0,0.0,0.0,17.0,158.0,0.0,158.0,3358,102.0,3660.0,10316.0,5489.0,15212.0,1.0
263,11374.0,1600.0,3200.0,0.0,0.0,8.0,110.0,0.0,110.0,1851,109.0,1819.0,5161.0,2728.0,6652.0,0.0
264,11375.0,2800.0,5600.0,0.0,0.0,14.0,0.0,0.0,0.0,1377,108.0,2908.0,6977.0,4351.0,10524.0,0.0
265,11377.0,3200.0,6400.0,0.0,0.0,16.0,200.0,0.0,200.0,3046,71.0,3471.0,9646.0,5206.0,12312.0,1.0
266,11378.0,1600.0,3200.0,0.0,0.0,8.0,0.0,0.0,0.0,632,15.0,1615.0,3832.0,2367.0,5793.0,0.0
267,11379.0,1000.0,2000.0,0.0,0.0,5.0,81.0,0.0,81.0,1618,44.0,1125.0,3699.0,1687.0,5242.0,0.0
268,11385.0,3600.0,7200.0,0.0,0.0,18.0,159.0,0.0,159.0,2990,259.0,4018.0,10349.0,6027.0,15209.0,1.0
269,11411.0,500.0,1000.0,0.0,1.0,2.0,35.0,0.0,35.0,745,80.0,615.0,1780.0,922.0,2404.0,0.0
270,11412.0,1200.0,2400.0,0.0,0.0,6.0,35.0,0.0,35.0,1674,172.0,1407.0,4109.0,2110.0,5360.0,1.0
271,11413.0,1000.0,2000.0,0.0,0.0,5.0,185.0,0.0,185.0,2309,231.0,1416.0,4494.0,2123.0,6161.0,1.0
272,11414.0,1400.0,2800.0,0.0,0.0,7.0,0.0,0.0,0.0,828,47.0,1447.0,3628.0,2164.0,5148.0,0.0
273,11415.0,800.0,1600.0,0.0,0.0,4.0,0.0,0.0,0.0,63,19.0,819.0,1663.0,1176.0,2783.0,0.0
274,11416.0,1000.0,2000.0,0.0,0.0,5.0,59.0,0.0,59.0,577,97.0,1156.0,2636.0,1734.0,4567.0,1.0
275,11417.0,1200.0,2400.0,0.0,0.0,6.0,52.0,0.0,52.0,838,97.0,1349.0,3290.0,2023.0,5509.0,1.0
276,11418.0,1400.0,2800.0,0.0,0.0,7.0,51.0,0.0,51.0,1610,127.0,1578.0,4461.0,2366.0,5980.0,1.0
277,11419.0,1200.0,2400.0,0.0,0.0,6.0,0.0,0.0,0.0,1090,114.0,1314.0,3490.0,1957.0,5627.0,1.0
278,11420.0,1400.0,2800.0,0.0,0.0,7.0,88.0,0.0,88.0,1895,170.0,1658.0,4783.0,2487.0,6253.0,1.0
279,11421.0,1400.0,2800.0,0.0,0.0,7.0,20.0,0.0,20.0,1310,180.0,1600.0,4130.0,2399.0,5913.0,1.0
280,11422.0,600.0,1200.0,0.0,0.0,3.0,65.0,0.0,65.0,1198,203.0,868.0,2463.0,1301.0,4146.0,1.0
281,11423.0,800.0,1600.0,0.0,0.0,4.0,0.0,0.0,0.0,489,61.0,861.0,2089.0,1260.0,3709.0,1.0
282,11426.0,800.0,1600.0,0.0,0.0,4.0,10.0,0.0,10.0,711,20.0,830.0,2321.0,1244.0,2610.0,0.0
283,11427.0,1200.0,2400.0,0.0,0.0,6.0,5.0,0.0,5.0,418,22.0,1227.0,2823.0,1840.0,3640.0,0.0
284,11428.0,600.0,1200.0,0.0,0.0,3.0,10.0,0.0,10.0,545,40.0,650.0,1755.0,975.0,2205.0,1.0
285,11429.0,600.0,1200.0,0.0,0.0,3.0,39.0,0.0,39.0,357,93.0,732.0,1596.0,1097.0,3178.0,1.0
286,11432.0,2600.0,5200.0,0.0,0.0,13.0,131.0,0.0,131.0,1639,55.0,2786.0,6970.0,4178.0,9759.0,1.0
287,11433.0,1600.0,3200.0,0.0,0.0,8.0,194.0,0.0,194.0,2105,98.0,1892.0,5499.0,2837.0,6807.0,1.0
288,11434.0,2200.0,4400.0,0.0,0.0,11.0,262.0,0.0,262.0,3225,351.0,2813.0,7887.0,4219.0,11099.0,1.0
289,11435.0,3000.0,6000.0,0.0,0.0,15.0,120.0,0.0,120.0,1759,105.0,3225.0,7879.0,4837.0,10249.0,1.0
290,11436.0,600.0,1200.0,0.0,0.0,3.0,0.0,34.0,34.0,256,82.0,682.0,1490.0,912.0,2979.0,1.0
291,11501.0,0.0,0.0,0.0,0.0,0.0,0.0,54.0,54.0,933,701.0,701.0,987.0,1036.0,2960.0,0.0
292,11507.0,200.0,400.0,0.0,0.0,1.0,0.0,0.0,0.0,213,0.0,200.0,613.0,255.0,861.0,0.0
293,11510.0,400.0,800.0,0.0,0.0,2.0,146.0,0.0,146.0,1563,534.0,1080.0,2509.0,1620.0,4620.0,0.0
294,11514.0,50.0,100.0,1.0,0.0,0.0,19.0,0.0,19.0,276,122.0,191.0,395.0,286.0,999.0,0.0
295,11516.0,200.0,400.0,0.0,0.0,1.0,0.0,0.0,0.0,156,145.0,345.0,556.0,430.0,1613.0,0.0
296,11518.0,0.0,0.0,0.0,0.0,0.0,83.0,0.0,83.0,472,288.0,371.0,555.0,556.0,1466.0,0.0
297,11520.0,400.0,800.0,0.0,0.0,2.0,0.0,0.0,0.0,2809,1232.0,1632.0,3609.0,2396.0,6605.0,1.0
298,11530.0,600.0,1200.0,0.0,0.0,3.0,43.0,0.0,43.0,671,256.0,899.0,1914.0,1348.0,4681.0,0.0
299,11542.0,200.0,400.0,0.0,0.0,1.0,32.0,0.0,32.0,1453,704.0,936.0,1885.0,1403.0,3820.0,0.0
300,11545.0,0.0,0.0,0.0,0.0,0.0,27.0,0.0,27.0,709,221.0,248.0,736.0,372.0,1588.0,0.0
301,11548.0,0.0,0.0,0.0,0.0,0.0,0.0,0.0,0.0,263,223.0,223.0,263.0,20.0,110.0,0.0
302,11550.0,1600.0,3200.0,0.0,0.0,8.0,135.0,0.0,135.0,2762,942.0,2677.0,6097.0,4015.0,10379.0,1.0
303,11552.0,600.0,1200.0,0.0,0.0,3.0,13.0,0.0,13.0,818,402.0,1015.0,2031.0,1522.0,4534.0,0.0
304,11553.0,900.0,1800.0,0.0,1.0,4.0,22.0,0.0,22.0,1482,503.0,1425.0,3304.0,2137.0,4699.0,1.0
305,11554.0,1000.0,2000.0,0.0,0.0,5.0,16.0,0.0,16.0,962,446.0,1462.0,2978.0,2192.0,5528.0,0.0
306,11557.0,50.0,100.0,1.0,0.0,0.0,42.0,0.0,42.0,390,207.0,299.0,532.0,448.0,1343.0,0.0
307,11558.0,200.0,400.0,0.0,0.0,1.0,49.0,0.0,49.0,272,82.0,331.0,721.0,496.0,1081.0,0.0
308,11559.0,0.0,0.0,0.0,0.0,0.0,0.0,0.0,0.0,745,734.0,734.0,745.0,597.0,1673.0,0.0
309,11560.0,200.0,400.0,0.0,0.0,1.0,0.0,0.0,0.0,117,62.0,262.0,517.0,363.0,1076.0,0.0
310,11561.0,600.0,1200.0,0.0,0.0,3.0,108.0,0.0,108.0,654,393.0,1101.0,1962.0,1651.0,3916.0,0.0
311,11563.0,0.0,0.0,0.0,0.0,0.0,128.0,0.0,128.0,1248,721.0,849.0,1376.0,1273.0,2970.0,0.0
312,11565.0,200.0,400.0,0.0,0.0,1.0,46.0,0.0,46.0,323,184.0,430.0,769.0,644.0,1319.0,0.0
313,11566.0,200.0,400.0,0.0,0.0,1.0,222.0,0.0,222.0,2088,1042.0,1464.0,2710.0,2196.0,5714.0,0.0
314,11568.0,0.0,0.0,0.0,0.0,0.0,0.0,0.0,0.0,291,270.0,270.0,291.0,58.0,374.0,0.0
315,11570.0,400.0,800.0,0.0,0.0,2.0,73.0,0.0,73.0,653,541.0,1014.0,1526.0,1520.0,4360.0,0.0
316,11572.0,100.0,200.0,0.0,1.0,0.0,0.0,52.0,52.0,1147,867.0,967.0,1399.0,1340.0,4195.0,0.0
317,11575.0,600.0,1200.0,0.0,0.0,3.0,47.0,0.0,47.0,1386,500.0,1147.0,2633.0,1720.0,3814.0,1.0
318,11576.0,0.0,0.0,0.0,0.0,0.0,0.0,0.0,0.0,562,533.0,533.0,562.0,463.0,1655.0,0.0
319,11577.0,0.0,0.0,0.0,0.0,0.0,0.0,17.0,17.0,667,471.0,471.0,684.0,437.0,2052.0,0.0
320,11579.0,200.0,400.0,0.0,0.0,1.0,0.0,0.0,0.0,140,25.0,225.0,540.0,316.0,1061.0,0.0
321,11580.0,400.0,800.0,0.0,0.0,2.0,132.0,0.0,132.0,1009,353.0,885.0,1941.0,1327.0,4537.0,0.0
322,11581.0,600.0,1200.0,0.0,0.0,3.0,2.0,0.0,2.0,562,236.0,838.0,1764.0,1257.0,3886.0,0.0
323,11590.0,1200.0,2400.0,0.0,0.0,6.0,50.0,0.0,50.0,1753,777.0,2027.0,4203.0,3040.0,7591.0,0.0
324,11596.0,200.0,400.0,0.0,0.0,1.0,29.0,0.0,29.0,253,150.0,379.0,682.0,568.0,1773.0,0.0
325,11598.0,400.0,800.0,0.0,0.0,2.0,23.0,0.0,23.0,392,309.0,732.0,1215.0,1098.0,3588.0,0.0
326,11691.0,3600.0,7200.0,0.0,0.0,18.0,132.0,0.0,132.0,2880,300.0,4032.0,10212.0,6048.0,15271.0,1.0
327,11692.0,1000.0,2000.0,0.0,0.0,5.0,21.0,0.0,21.0,963,118.0,1139.0,2984.0,1708.0,5152.0,1.0
328,11693.0,400.0,800.0,0.0,0.0,2.0,49.0,0.0,49.0,328,5.0,454.0,1177.0,681.0,1864.0,0.0
329,11694.0,800.0,1600.0,0.0,0.0,4.0,99.0,0.0,99.0,752,12.0,911.0,2451.0,1366.0,3630.0,0.0
330,11701.0,400.0,800.0,0.0,0.0,2.0,39.0,0.0,39.0,675,409.0,848.0,1514.0,1272.0,3622.0,0.0
331,11702.0,400.0,800.0,0.0,0.0,2.0,0.0,0.0,0.0,373,194.0,594.0,1173.0,791.0,1761.0,0.0
332,11703.0,400.0,800.0,0.0,0.0,2.0,114.0,0.0,114.0,1101,40.0,554.0,2015.0,831.0,2710.0,0.0
333,11704.0,800.0,1600.0,0.0,0.0,4.0,114.0,0.0,114.0,972,297.0,1211.0,2686.0,1816.0,4938.0,0.0
334,11705.0,200.0,400.0,0.0,0.0,1.0,0.0,0.0,0.0,218,119.0,319.0,618.0,402.0,1109.0,0.0
335,11706.0,1400.0,2800.0,0.0,0.0,7.0,251.0,0.0,251.0,2408,1054.0,2705.0,5459.0,4057.0,11357.0,0.0
336,11709.0,200.0,400.0,0.0,0.0,1.0,0.0,0.0,0.0,52,2.0,202.0,452.0,184.0,728.0,0.0
337,11710.0,400.0,800.0,0.0,0.0,2.0,125.0,0.0,125.0,1257,618.0,1143.0,2182.0,1714.0,5701.0,0.0
338,11713.0,200.0,400.0,0.0,0.0,1.0,35.0,0.0,35.0,213,62.0,297.0,648.0,445.0,1119.0,1.0
339,11714.0,400.0,800.0,0.0,0.0,2.0,12.0,0.0,12.0,798,388.0,800.0,1610.0,1199.0,3329.0,0.0
340,11715.0,200.0,400.0,0.0,0.0,1.0,0.0,0.0,0.0,40,0.0,200.0,440.0,122.0,529.0,1.0
341,11716.0,0.0,0.0,0.0,0.0,0.0,99.0,0.0,99.0,720,325.0,424.0,819.0,635.0,1477.0,0.0
342,11717.0,1600.0,3200.0,0.0,0.0,8.0,36.0,0.0,36.0,2366,1009.0,2645.0,5602.0,3967.0,10429.0,1.0
343,11719.0,50.0,100.0,1.0,0.0,0.0,0.0,0.0,0.0,122,101.0,151.0,222.0,190.0,533.0,0.0
344,11720.0,900.0,1800.0,0.0,1.0,4.0,32.0,0.0,32.0,483,131.0,1063.0,2315.0,1594.0,4033.0,0.0
345,11721.0,50.0,100.0,1.0,0.0,0.0,7.0,0.0,7.0,188,164.0,221.0,295.0,331.0,739.0,0.0
346,11722.0,1400.0,2800.0,0.0,0.0,7.0,71.0,0.0,71.0,862,151.0,1622.0,3733.0,2433.0,6037.0,1.0
347,11724.0,100.0,200.0,0.0,1.0,0.0,0.0,0.0,0.0,128,77.0,177.0,328.0,241.0,625.0,0.0
348,11725.0,0.0,0.0,0.0,0.0,0.0,0.0,0.0,0.0,1937,1287.0,1287.0,1937.0,1462.0,4074.0,0.0
349,11726.0,900.0,1800.0,0.0,1.0,4.0,8.0,0.0,8.0,502,170.0,1078.0,2310.0,1616.0,3766.0,1.0
350,11727.0,800.0,1600.0,0.0,0.0,4.0,0.0,0.0,0.0,614,413.0,1213.0,2214.0,1772.0,4289.0,0.0
351,11729.0,600.0,1200.0,0.0,0.0,3.0,0.0,0.0,0.0,521,231.0,831.0,1721.0,1226.0,3340.0,0.0
352,11730.0,400.0,800.0,0.0,0.0,2.0,0.0,0.0,0.0,95,95.0,495.0,895.0,687.0,1838.0,0.0
353,11731.0,800.0,1600.0,0.0,0.0,4.0,43.0,0.0,43.0,577,429.0,1272.0,2220.0,1908.0,4776.0,0.0
354,11733.0,50.0,100.0,1.0,0.0,0.0,0.0,35.0,35.0,696,658.0,708.0,831.0,763.0,2491.0,0.0
355,11735.0,200.0,400.0,0.0,0.0,1.0,111.0,0.0,111.0,1076,707.0,1018.0,1587.0,1526.0,4010.0,0.0
356,11738.0,600.0,1200.0,0.0,0.0,3.0,71.0,0.0,71.0,477,307.0,978.0,1748.0,1466.0,3284.0,0.0
357,11740.0,200.0,400.0,0.0,0.0,1.0,0.0,0.0,0.0,272,165.0,365.0,672.0,478.0,1654.0,0.0
358,11741.0,800.0,1600.0,0.0,0.0,4.0,36.0,0.0,36.0,600,234.0,1070.0,2236.0,1605.0,4270.0,0.0
359,11742.0,300.0,600.0,0.0,1.0,1.0,29.0,0.0,29.0,481,223.0,552.0,1110.0,828.0,2065.0,0.0
360,11743.0,0.0,0.0,0.0,0.0,0.0,0.0,46.0,46.0,1758,1223.0,1223.0,1804.0,1502.0,5412.0,0.0
361,11746.0,600.0,1200.0,0.0,0.0,3.0,205.0,0.0,205.0,2068,1455.0,2260.0,3473.0,3390.0,10043.0,0.0
362,11747.0,0.0,0.0,0.0,0.0,0.0,0.0,0.0,0.0,953,860.0,860.0,953.0,931.0,2607.0,0.0
363,11749.0,0.0,0.0,0.0,0.0,0.0,11.0,0.0,11.0,246,109.0,120.0,257.0,179.0,510.0,0.0
364,11751.0,400.0,800.0,0.0,0.0,2.0,0.0,0.0,0.0,257,104.0,504.0,1057.0,677.0,1643.0,0.0
365,11752.0,0.0,0.0,0.0,0.0,0.0,0.0,0.0,0.0,458,398.0,398.0,458.0,365.0,1289.0,0.0
366,11753.0,300.0,600.0,0.0,1.0,1.0,8.0,0.0,8.0,289,88.0,396.0,897.0,594.0,2249.0,0.0
367,11754.0,400.0,800.0,0.0,0.0,2.0,0.0,0.0,0.0,540,332.0,732.0,1340.0,1023.0,2677.0,0.0
368,11755.0,300.0,600.0,0.0,1.0,1.0,0.0,0.0,0.0,293,12.0,312.0,893.0,462.0,1849.0,0.0
369,11756.0,400.0,800.0,0.0,0.0,2.0,152.0,0.0,152.0,1383,1018.0,1570.0,2335.0,2355.0,5331.0,0.0
370,11757.0,800.0,1600.0,0.0,0.0,4.0,154.0,0.0,154.0,1198,630.0,1584.0,2952.0,2375.0,6096.0,0.0
371,11758.0,800.0,1600.0,0.0,0.0,4.0,187.0,0.0,187.0,1826,991.0,1978.0,3613.0,2967.0,7185.0,0.0
372,11762.0,800.0,1600.0,0.0,0.0,4.0,76.0,0.0,76.0,434,10.0,886.0,2110.0,1328.0,3247.0,0.0
373,11763.0,250.0,500.0,1.0,0.0,1.0,0.0,70.0,70.0,939,689.0,939.0,1509.0,1316.0,4526.0,0.0
374,11764.0,0.0,0.0,0.0,0.0,0.0,0.0,13.0,13.0,558,321.0,321.0,571.0,429.0,1712.0,0.0
375,11765.0,50.0,100.0,1.0,0.0,0.0,0.0,0.0,0.0,72,0.0,50.0,172.0,39.0,118.0,0.0
376,11766.0,200.0,400.0,0.0,0.0,1.0,0.0,0.0,0.0,317,246.0,446.0,717.0,478.0,1718.0,0.0
377,11767.0,300.0,600.0,0.0,1.0,1.0,0.0,0.0,0.0,208,130.0,430.0,808.0,642.0,2113.0,0.0
378,11768.0,0.0,0.0,0.0,0.0,0.0,0.0,0.0,0.0,910,569.0,569.0,910.0,829.0,2551.0,0.0
379,11769.0,100.0,200.0,0.0,1.0,0.0,0.0,0.0,0.0,157,136.0,236.0,357.0,337.0,913.0,0.0
380,11771.0,500.0,1000.0,0.0,1.0,2.0,22.0,0.0,22.0,220,66.0,588.0,1242.0,881.0,1604.0,0.0
381,11772.0,800.0,1600.0,0.0,0.0,4.0,157.0,0.0,157.0,954,692.0,1649.0,2711.0,2473.0,6220.0,0.0
382,11776.0,650.0,1300.0,1.0,0.0,3.0,10.0,0.0,10.0,178,106.0,766.0,1488.0,1148.0,3638.0,0.0
383,11777.0,100.0,200.0,0.0,1.0,0.0,0.0,0.0,0.0,248,197.0,297.0,448.0,367.0,1206.0,0.0
384,11778.0,450.0,900.0,1.0,0.0,2.0,23.0,0.0,23.0,305,119.0,592.0,1228.0,887.0,2159.0,0.0
385,11779.0,0.0,0.0,0.0,0.0,0.0,78.0,0.0,78.0,1776,1310.0,1388.0,1854.0,2081.0,5557.0,0.0
386,11780.0,300.0,600.0,0.0,1.0,1.0,22.0,0.0,22.0,172,44.0,366.0,794.0,549.0,1954.0,0.0
387,11782.0,400.0,800.0,0.0,0.0,2.0,16.0,0.0,16.0,399,115.0,531.0,1215.0,796.0,2471.0,0.0
388,11783.0,200.0,400.0,0.0,0.0,1.0,37.0,0.0,37.0,601,371.0,608.0,1038.0,911.0,2906.0,0.0
389,11784.0,1000.0,2000.0,0.0,0.0,5.0,0.0,0.0,0.0,461,121.0,1121.0,2461.0,1677.0,4000.0,0.0
390,11786.0,100.0,200.0,0.0,1.0,0.0,0.0,0.0,0.0,173,98.0,198.0,373.0,228.0,1049.0,0.0
391,11787.0,0.0,0.0,0.0,0.0,0.0,175.0,0.0,175.0,1462,765.0,940.0,1637.0,1410.0,4277.0,0.0
392,11788.0,0.0,0.0,0.0,0.0,0.0,120.0,0.0,120.0,698,580.0,700.0,818.0,1049.0,2322.0,0.0
393,11790.0,200.0,400.0,0.0,0.0,1.0,0.0,0.0,0.0,296,280.0,480.0,696.0,682.0,1782.0,0.0
394,11791.0,0.0,0.0,0.0,0.0,0.0,0.0,80.0,80.0,1488,1081.0,1081.0,1568.0,1063.0,4702.0,0.0
395,11792.0,100.0,200.0,0.0,1.0,0.0,26.0,0.0,26.0,267,148.0,274.0,493.0,411.0,1176.0,0.0
396,11793.0,400.0,800.0,0.0,0.0,2.0,86.0,0.0,86.0,826,560.0,1046.0,1712.0,1568.0,4749.0,0.0
397,11795.0,400.0,800.0,0.0,0.0,2.0,0.0,0.0,0.0,706,564.0,964.0,1506.0,1409.0,3530.0,0.0
398,11796.0,200.0,400.0,0.0,0.0,1.0,0.0,0.0,0.0,55,0.0,200.0,455.0,214.0,533.0,0.0
399,11797.0,0.0,0.0,0.0,0.0,0.0,0.0,0.0,0.0,825,770.0,770.0,825.0,570.0,1458.0,0.0
400,11798.0,600.0,1200.0,0.0,0.0,3.0,8.0,0.0,8.0,794,136.0,744.0,2002.0,1116.0,3351.0,1.0
401,11801.0,200.0,400.0,0.0,0.0,1.0,10.0,0.0,10.0,1427,844.0,1054.0,1837.0,1580.0,5074.0,0.0
402,11803.0,0.0,0.0,0.0,0.0,0.0,0.0,0.0,0.0,1892,1435.0,1435.0,1892.0,1406.0,4816.0,0.0
403,11901.0,1000.0,2000.0,0.0,0.0,5.0,0.0,0.0,0.0,916,521.0,1521.0,2916.0,2260.0,4191.0,1.0
404,11933.0,200.0,400.0,0.0,0.0,1.0,0.0,0.0,0.0,125,2.0,202.0,525.0,273.0,776.0,0.0
405,11934.0,200.0,400.0,0.0,0.0,1.0,10.0,0.0,10.0,278,145.0,355.0,688.0,532.0,1432.0,0.0
406,11935.0,50.0,100.0,1.0,0.0,0.0,0.0,0.0,0.0,78,38.0,88.0,178.0,43.0,291.0,1.0
407,11937.0,800.0,1600.0,0.0,0.0,4.0,0.0,0.0,0.0,623,123.0,923.0,2223.0,1328.0,3099.0,0.0
408,11940.0,200.0,400.0,0.0,0.0,1.0,0.0,0.0,0.0,151,0.0,200.0,551.0,268.0,848.0,0.0
409,11941.0,100.0,200.0,0.0,1.0,0.0,0.0,0.0,0.0,16,5.0,105.0,216.0,119.0,357.0,0.0
410,11946.0,600.0,1200.0,0.0,0.0,3.0,0.0,0.0,0.0,113,46.0,646.0,1313.0,940.0,2191.0,0.0
411,11948.0,0.0,0.0,0.0,0.0,0.0,0.0,0.0,0.0,70,70.0,70.0,70.0,14.0,61.0,1.0
412,11949.0,250.0,500.0,1.0,0.0,1.0,13.0,0.0,13.0,129,121.0,384.0,642.0,575.0,1568.0,0.0
413,11950.0,600.0,1200.0,0.0,0.0,3.0,50.0,0.0,50.0,346,100.0,750.0,1596.0,1125.0,2894.0,1.0
414,11951.0,700.0,1400.0,0.0,1.0,3.0,0.0,0.0,0.0,187,132.0,832.0,1587.0,1224.0,2985.0,1.0
415,11953.0,0.0,0.0,0.0,0.0,0.0,0.0,0.0,0.0,759,578.0,578.0,759.0,691.0,1900.0,0.0
416,11954.0,200.0,400.0,0.0,0.0,1.0,0.0,0.0,0.0,59,59.0,259.0,459.0,255.0,596.0,1.0
417,11955.0,50.0,100.0,1.0,0.0,0.0,18.0,0.0,18.0,110,110.0,178.0,228.0,267.0,358.0,0.0
418,11961.0,250.0,500.0,1.0,0.0,1.0,18.0,0.0,18.0,98,10.0,278.0,616.0,416.0,1533.0,0.0
419,11963.0,200.0,400.0,0.0,0.0,1.0,18.0,0.0,18.0,108,0.0,218.0,526.0,326.0,1219.0,0.0
420,11967.0,600.0,1200.0,0.0,0.0,3.0,37.0,0.0,37.0,515,203.0,840.0,1752.0,1259.0,4108.0,0.0
421,11968.0,200.0,400.0,0.0,0.0,1.0,0.0,0.0,0.0,223,223.0,423.0,623.0,536.0,1699.0,0.0
422,11971.0,100.0,200.0,0.0,1.0,0.0,12.0,5.0,17.0,172,132.0,244.0,389.0,365.0,1165.0,0.0
423,11977.0,50.0,100.0,1.0,0.0,0.0,0.0,0.0,0.0,121,121.0,171.0,221.0,180.0,479.0,0.0
424,11978.0,0.0,0.0,0.0,0.0,0.0,0.0,0.0,0.0,247,180.0,180.0,247.0,101.0,448.0,0.0
425,11980.0,0.0,0.0,0.0,0.0,0.0,0.0,0.0,0.0,597,522.0,522.0,597.0,339.0,556.0,0.0
426,12009.0,300.0,600.0,0.0,1.0,1.0,0.0,0.0,0.0,88,7.0,307.0,688.0,420.0,1229.0,0.0
427,12010.0,600.0,1200.0,0.0,0.0,3.0,0.0,0.0,0.0,1069,633.0,1233.0,2269.0,1517.0,4308.0,1.0
428,12018.0,400.0,800.0,0.0,0.0,2.0,0.0,0.0,0.0,68,6.0,406.0,868.0,477.0,1107.0,0.0
429,12019.0,400.0,800.0,0.0,0.0,2.0,0.0,0.0,0.0,244,33.0,433.0,1044.0,602.0,2097.0,0.0
430,12020.0,100.0,200.0,0.0,1.0,0.0,0.0,23.0,23.0,1335,845.0,945.0,1558.0,1087.0,4673.0,0.0
431,12022.0,50.0,100.0,1.0,0.0,0.0,0.0,0.0,0.0,20,0.0,50.0,120.0,48.0,193.0,0.0
432,12027.0,50.0,100.0,1.0,0.0,0.0,9.0,0.0,9.0,133,106.0,165.0,242.0,247.0,666.0,0.0
433,12028.0,50.0,100.0,1.0,0.0,0.0,0.0,0.0,0.0,16,5.0,55.0,116.0,56.0,221.0,0.0
434,12033.0,0.0,0.0,0.0,0.0,0.0,34.0,0.0,34.0,327,177.0,211.0,361.0,316.0,903.0,0.0
435,12037.0,200.0,400.0,0.0,0.0,1.0,0.0,0.0,0.0,68,0.0,200.0,468.0,228.0,524.0,0.0
436,12043.0,0.0,0.0,0.0,0.0,0.0,0.0,0.0,0.0,317,210.0,210.0,317.0,255.0,822.0,0.0
437,12047.0,400.0,800.0,0.0,0.0,2.0,56.0,0.0,56.0,565,327.0,783.0,1421.0,1174.0,3856.0,0.0
438,12051.0,200.0,400.0,0.0,0.0,1.0,0.0,0.0,0.0,52,22.0,222.0,452.0,262.0,571.0,0.0
439,12053.0,50.0,100.0,1.0,0.0,0.0,0.0,0.0,0.0,124,58.0,108.0,224.0,125.0,515.0,0.0
440,12054.0,200.0,400.0,0.0,0.0,1.0,34.0,0.0,34.0,690,244.0,478.0,1124.0,716.0,2307.0,0.0
441,12056.0,0.0,0.0,0.0,0.0,0.0,0.0,0.0,0.0,105,98.0,98.0,105.0,62.0,223.0,0.0
442,12057.0,100.0,200.0,0.0,1.0,0.0,0.0,0.0,0.0,16,5.0,105.0,216.0,133.0,244.0,0.0
443,12061.0,300.0,600.0,0.0,1.0,1.0,23.0,0.0,23.0,402,197.0,520.0,1025.0,779.0,1702.0,0.0
444,12065.0,0.0,0.0,0.0,0.0,0.0,0.0,0.0,0.0,2628,1624.0,1624.0,2628.0,2435.0,6877.0,0.0
445,12067.0,50.0,100.0,1.0,0.0,0.0,0.0,0.0,0.0,16,5.0,55.0,116.0,52.0,223.0,0.0
446,12068.0,0.0,0.0,0.0,0.0,0.0,32.0,0.0,32.0,192,10.0,42.0,224.0,63.0,386.0,0.0
447,12074.0,200.0,400.0,0.0,0.0,1.0,0.0,0.0,0.0,37,5.0,205.0,437.0,197.0,417.0,0.0
448,12077.0,250.0,500.0,1.0,0.0,1.0,25.0,0.0,25.0,172,91.0,366.0,697.0,549.0,1061.0,0.0
449,12078.0,600.0,1200.0,0.0,0.0,3.0,0.0,0.0,0.0,656,247.0,847.0,1856.0,1200.0,3476.0,1.0
450,12083.0,50.0,100.0,1.0,0.0,0.0,16.0,0.0,16.0,139,46.0,112.0,255.0,167.0,667.0,0.0
451,12084.0,200.0,400.0,0.0,0.0,1.0,0.0,0.0,0.0,140,0.0,200.0,540.0,287.0,832.0,0.0
452,12085.0,0.0,0.0,0.0,0.0,0.0,0.0,0.0,0.0,74,54.0,54.0,74.0,0.0,13.0,1.0
453,12086.0,0.0,0.0,0.0,0.0,0.0,0.0,0.0,0.0,137,75.0,75.0,137.0,59.0,123.0,0.0
454,12090.0,250.0,500.0,1.0,0.0,1.0,0.0,0.0,0.0,76,76.0,326.0,576.0,454.0,1124.0,0.0
455,12093.0,50.0,100.0,1.0,0.0,0.0,0.0,0.0,0.0,16,5.0,55.0,116.0,53.0,108.0,1.0
456,12095.0,200.0,400.0,0.0,0.0,1.0,27.0,0.0,27.0,506,191.0,418.0,933.0,626.0,1726.0,1.0
457,12110.0,0.0,0.0,0.0,0.0,0.0,0.0,0.0,0.0,817,612.0,612.0,817.0,809.0,2355.0,0.0
458,12116.0,50.0,100.0,1.0,0.0,0.0,0.0,0.0,0.0,8,2.0,52.0,108.0,54.0,195.0,0.0
459,12117.0,100.0,200.0,0.0,1.0,0.0,0.0,0.0,0.0,23,17.0,117.0,223.0,128.0,290.0,0.0
460,12118.0,500.0,1000.0,0.0,1.0,2.0,37.0,0.0,37.0,376,126.0,663.0,1413.0,994.0,2274.0,0.0
461,12120.0,50.0,100.0,1.0,0.0,0.0,0.0,0.0,0.0,8,2.0,52.0,108.0,36.0,77.0,0.0
462,12122.0,50.0,100.0,1.0,0.0,0.0,0.0,0.0,0.0,164,47.0,97.0,264.0,137.0,330.0,0.0
463,12123.0,200.0,400.0,0.0,0.0,1.0,0.0,0.0,0.0,160,72.0,272.0,560.0,346.0,729.0,0.0
464,12134.0,200.0,400.0,0.0,0.0,1.0,0.0,0.0,0.0,80,0.0,200.0,480.0,178.0,502.0,0.0
465,12136.0,0.0,0.0,0.0,0.0,0.0,1.0,0.0,1.0,16,5.0,6.0,17.0,9.0,29.0,0.0
466,12137.0,100.0,200.0,0.0,1.0,0.0,0.0,0.0,0.0,8,2.0,102.0,208.0,82.0,313.0,0.0
467,12138.0,100.0,200.0,0.0,1.0,0.0,0.0,0.0,0.0,16,5.0,105.0,216.0,116.0,340.0,0.0
468,12140.0,100.0,200.0,0.0,1.0,0.0,0.0,0.0,0.0,52,2.0,102.0,252.0,97.0,151.0,1.0
469,12143.0,50.0,100.0,1.0,0.0,0.0,1.0,0.0,1.0,116,93.0,144.0,217.0,216.0,584.0,0.0
470,12144.0,400.0,800.0,0.0,0.0,2.0,99.0,0.0,99.0,534,317.0,816.0,1433.0,1223.0,2954.0,0.0
471,12148.0,100.0,200.0,0.0,1.0,0.0,6.0,0.0,6.0,68,2.0,108.0,274.0,161.0,487.0,0.0
472,12149.0,100.0,200.0,0.0,1.0,0.0,0.0,0.0,0.0,40,0.0,100.0,240.0,103.0,322.0,1.0
473,12151.0,50.0,100.0,1.0,0.0,0.0,0.0,0.0,0.0,8,2.0,52.0,108.0,53.0,121.0,1.0
474,12154.0,50.0,100.0,1.0,0.0,0.0,9.0,0.0,9.0,68,7.0,66.0,177.0,98.0,288.0,0.0
475,12155.0,50.0,100.0,1.0,0.0,0.0,0.0,0.0,0.0,68,51.0,101.0,168.0,19.0,200.0,1.0
476,12157.0,0.0,0.0,0.0,0.0,0.0,39.0,0.0,39.0,247,136.0,175.0,286.0,262.0,711.0,0.0
477,12158.0,100.0,200.0,0.0,1.0,0.0,11.0,0.0,11.0,112,41.0,152.0,323.0,228.0,852.0,0.0
478,12159.0,100.0,200.0,0.0,1.0,0.0,0.0,0.0,0.0,118,118.0,218.0,318.0,316.0,900.0,0.0
479,12160.0,50.0,100.0,1.0,0.0,0.0,0.0,0.0,0.0,8,2.0,52.0,108.0,63.0,108.0,0.0
480,12167.0,100.0,200.0,0.0,1.0,0.0,0.0,0.0,0.0,16,5.0,105.0,216.0,95.0,230.0,1.0
481,12170.0,200.0,400.0,0.0,0.0,1.0,0.0,0.0,0.0,159,64.0,264.0,559.0,334.0,714.0,0.0
482,12180.0,400.0,800.0,0.0,0.0,2.0,64.0,0.0,64.0,1809,1027.0,1491.0,2673.0,2236.0,5869.0,0.0
483,12182.0,300.0,600.0,0.0,1.0,1.0,0.0,0.0,0.0,626,255.0,555.0,1226.0,635.0,2428.0,1.0
484,12183.0,200.0,400.0,0.0,0.0,1.0,0.0,0.0,0.0,16,5.0,205.0,416.0,246.0,399.0,1.0
485,12184.0,200.0,400.0,0.0,0.0,1.0,0.0,0.0,0.0,230,99.0,299.0,630.0,347.0,1026.0,0.0
486,12186.0,100.0,200.0,0.0,1.0,0.0,9.0,0.0,9.0,225,51.0,160.0,434.0,240.0,691.0,0.0
487,12187.0,50.0,100.0,1.0,0.0,0.0,0.0,0.0,0.0,16,5.0,55.0,116.0,21.0,51.0,0.0
488,12188.0,250.0,500.0,1.0,0.0,1.0,0.0,0.0,0.0,146,80.0,330.0,646.0,465.0,1458.0,0.0
489,12189.0,400.0,800.0,0.0,0.0,2.0,0.0,0.0,0.0,538,290.0,690.0,1338.0,964.0,2709.0,0.0
490,12190.0,50.0,100.0,1.0,0.0,0.0,0.0,0.0,0.0,16,5.0,55.0,116.0,41.0,85.0,0.0
491,12196.0,100.0,200.0,0.0,1.0,0.0,0.0,0.0,0.0,91,27.0,127.0,291.0,162.0,836.0,0.0
492,12197.0,50.0,100.0,1.0,0.0,0.0,0.0,0.0,0.0,40,11.0,61.0,140.0,75.0,178.0,0.0
493,12198.0,100.0,200.0,0.0,1.0,0.0,0.0,0.0,0.0,87,70.0,170.0,287.0,236.0,839.0,0.0
494,12202.0,400.0,800.0,0.0,0.0,2.0,47.0,0.0,47.0,337,85.0,532.0,1184.0,798.0,1377.0,1.0
495,12203.0,0.0,0.0,0.0,0.0,0.0,41.0,0.0,41.0,1228,637.0,678.0,1269.0,1017.0,2637.0,0.0
496,12204.0,600.0,1200.0,0.0,0.0,3.0,0.0,0.0,0.0,30,0.0,600.0,1230.0,830.0,1649.0,0.0
497,12205.0,200.0,400.0,0.0,0.0,1.0,125.0,0.0,125.0,1202,546.0,871.0,1727.0,1306.0,3604.0,0.0
498,12206.0,0.0,0.0,0.0,0.0,0.0,0.0,54.0,54.0,1054,477.0,477.0,1108.0,446.0,2216.0,1.0
499,12207.0,0.0,0.0,0.0,0.0,0.0,0.0,0.0,0.0,344,201.0,201.0,344.0,196.0,302.0,1.0
500,12208.0,0.0,0.0,0.0,0.0,0.0,0.0,0.0,0.0,1023,661.0,661.0,1023.0,930.0,2096.0,0.0
501,12209.0,300.0,600.0,0.0,1.0,1.0,17.0,0.0,17.0,568,241.0,558.0,1185.0,837.0,1935.0,1.0
502,12210.0,0.0,0.0,0.0,0.0,0.0,0.0,0.0,0.0,707,493.0,493.0,707.0,282.0,823.0,1.0
503,12211.0,400.0,800.0,0.0,0.0,2.0,0.0,0.0,0.0,331,197.0,597.0,1131.0,798.0,1738.0,0.0
504,12302.0,500.0,1000.0,0.0,1.0,2.0,29.0,0.0,29.0,776,462.0,991.0,1805.0,1486.0,4312.0,0.0
505,12303.0,200.0,400.0,0.0,0.0,1.0,136.0,0.0,136.0,956,506.0,842.0,1492.0,1262.0,4398.0,0.0
506,12304.0,400.0,800.0,0.0,0.0,2.0,0.0,0.0,0.0,961,700.0,1100.0,1761.0,1310.0,3355.0,1.0
507,12305.0,0.0,0.0,0.0,0.0,0.0,0.0,0.0,0.0,236,193.0,193.0,236.0,245.0,404.0,1.0
508,12306.0,800.0,1600.0,0.0,0.0,4.0,0.0,0.0,0.0,585,409.0,1209.0,2185.0,1809.0,4148.0,0.0
509,12307.0,300.0,600.0,0.0,1.0,1.0,0.0,0.0,0.0,284,70.0,370.0,884.0,553.0,1526.0,1.0
510,12308.0,300.0,600.0,0.0,1.0,1.0,27.0,0.0,27.0,317,204.0,531.0,944.0,796.0,1771.0,1.0
511,12309.0,1000.0,2000.0,0.0,0.0,5.0,72.0,0.0,72.0,1095,517.0,1589.0,3167.0,2383.0,5834.0,0.0
512,12401.0,800.0,1600.0,0.0,0.0,4.0,59.0,0.0,59.0,898,573.0,1432.0,2557.0,2148.0,5411.0,0.0
513,12404.0,200.0,400.0,0.0,0.0,1.0,0.0,0.0,0.0,80,0.0,200.0,480.0,198.0,527.0,0.0
514,12405.0,50.0,100.0,1.0,0.0,0.0,0.0,0.0,0.0,8,2.0,52.0,108.0,17.0,22.0,1.0
515,12406.0,0.0,0.0,0.0,0.0,0.0,0.0,0.0,0.0,34,34.0,34.0,34.0,1.0,6.0,1.0
516,12413.0,50.0,100.0,1.0,0.0,0.0,0.0,1.0,1.0,86,60.0,110.0,187.0,75.0,373.0,1.0
517,12414.0,400.0,800.0,0.0,0.0,2.0,0.0,0.0,0.0,216,16.0,416.0,1016.0,561.0,1000.0,0.0
518,12419.0,100.0,200.0,0.0,1.0,0.0,0.0,0.0,0.0,8,2.0,102.0,208.0,83.0,151.0,0.0
519,12428.0,200.0,400.0,0.0,0.0,1.0,0.0,0.0,0.0,155,75.0,275.0,555.0,153.0,793.0,1.0
520,12431.0,100.0,200.0,0.0,1.0,0.0,0.0,0.0,0.0,8,2.0,102.0,208.0,107.0,262.0,0.0
521,12434.0,100.0,200.0,0.0,1.0,0.0,0.0,0.0,0.0,8,2.0,102.0,208.0,85.0,191.0,1.0
522,12443.0,0.0,0.0,0.0,0.0,0.0,2.0,0.0,2.0,178,119.0,121.0,180.0,181.0,412.0,0.0
523,12446.0,200.0,400.0,0.0,0.0,1.0,0.0,0.0,0.0,16,4.0,204.0,416.0,270.0,592.0,0.0
524,12449.0,0.0,0.0,0.0,0.0,0.0,0.0,0.0,0.0,243,114.0,114.0,243.0,100.0,285.0,0.0
525,12451.0,50.0,100.0,1.0,0.0,0.0,0.0,0.0,0.0,8,2.0,52.0,108.0,64.0,100.0,1.0
526,12455.0,50.0,100.0,1.0,0.0,0.0,0.0,0.0,0.0,8,2.0,52.0,108.0,46.0,237.0,0.0
527,12457.0,100.0,200.0,0.0,1.0,0.0,0.0,0.0,0.0,16,5.0,105.0,216.0,99.0,160.0,0.0
528,12461.0,50.0,100.0,1.0,0.0,0.0,0.0,0.0,0.0,16,4.0,54.0,116.0,72.0,113.0,1.0
529,12463.0,50.0,100.0,1.0,0.0,0.0,0.0,0.0,0.0,12,5.0,55.0,112.0,22.0,100.0,0.0
530,12464.0,0.0,0.0,0.0,0.0,0.0,0.0,0.0,0.0,27,16.0,16.0,27.0,14.0,41.0,0.0
531,12466.0,100.0,200.0,0.0,1.0,0.0,0.0,0.0,0.0,95,4.0,104.0,295.0,116.0,310.0,1.0
532,12477.0,100.0,200.0,0.0,1.0,0.0,16.0,0.0,16.0,564,348.0,464.0,780.0,695.0,2200.0,0.0
533,12484.0,50.0,100.0,1.0,0.0,0.0,0.0,0.0,0.0,87,87.0,137.0,187.0,127.0,496.0,0.0
534,12485.0,50.0,100.0,1.0,0.0,0.0,0.0,0.0,0.0,29,29.0,79.0,129.0,46.0,243.0,0.0
535,12498.0,50.0,100.0,1.0,0.0,0.0,0.0,0.0,0.0,44,44.0,94.0,144.0,66.0,351.0,0.0
536,12501.0,0.0,0.0,0.0,0.0,0.0,6.0,0.0,6.0,143,26.0,32.0,149.0,48.0,266.0,0.0
537,12508.0,0.0,0.0,0.0,0.0,0.0,92.0,0.0,92.0,731,368.0,460.0,823.0,690.0,2191.0,0.0
538,12518.0,200.0,400.0,0.0,0.0,1.0,5.0,0.0,5.0,116,36.0,241.0,521.0,361.0,841.0,0.0
539,12520.0,0.0,0.0,0.0,0.0,0.0,0.0,0.0,0.0,166,116.0,116.0,166.0,60.0,316.0,0.0
540,12521.0,50.0,100.0,1.0,0.0,0.0,0.0,0.0,0.0,18,18.0,68.0,118.0,11.0,111.0,0.0
541,12522.0,100.0,200.0,0.0,1.0,0.0,0.0,0.0,0.0,48,15.0,115.0,248.0,142.0,455.0,0.0
542,12524.0,200.0,400.0,0.0,0.0,1.0,75.0,0.0,75.0,490,135.0,410.0,965.0,615.0,1886.0,0.0
543,12526.0,100.0,200.0,0.0,1.0,0.0,0.0,0.0,0.0,8,2.0,102.0,208.0,83.0,233.0,0.0
544,12528.0,200.0,400.0,0.0,0.0,1.0,24.0,0.0,24.0,374,244.0,468.0,798.0,702.0,1779.0,0.0
545,12531.0,50.0,100.0,1.0,0.0,0.0,0.0,0.0,0.0,158,124.0,174.0,258.0,203.0,380.0,1.0
546,12533.0,400.0,800.0,0.0,0.0,2.0,127.0,0.0,127.0,830,654.0,1181.0,1757.0,1771.0,4582.0,0.0
547,12534.0,200.0,400.0,0.0,0.0,1.0,54.0,0.0,54.0,566,197.0,451.0,1020.0,676.0,1845.0,0.0
548,12538.0,0.0,0.0,0.0,0.0,0.0,34.0,0.0,34.0,461,301.0,335.0,495.0,502.0,1382.0,0.0
549,12540.0,250.0,500.0,1.0,0.0,1.0,15.0,0.0,15.0,187,114.0,379.0,702.0,568.0,1726.0,0.0
550,12542.0,50.0,100.0,1.0,0.0,0.0,22.0,0.0,22.0,167,109.0,181.0,289.0,271.0,768.0,0.0
551,12545.0,50.0,100.0,1.0,0.0,0.0,0.0,0.0,0.0,100,49.0,99.0,200.0,117.0,352.0,0.0
552,12546.0,50.0,100.0,1.0,0.0,0.0,3.0,0.0,3.0,29,29.0,82.0,132.0,122.0,340.0,0.0
553,12547.0,50.0,100.0,1.0,0.0,0.0,0.0,0.0,0.0,142,100.0,150.0,242.0,167.0,561.0,0.0
554,12549.0,0.0,0.0,0.0,0.0,0.0,0.0,85.0,85.0,558,400.0,400.0,643.0,420.0,1929.0,0.0
555,12550.0,1000.0,2000.0,0.0,0.0,5.0,78.0,0.0,78.0,1289,809.0,1887.0,3367.0,2830.0,8269.0,0.0
556,12553.0,200.0,400.0,0.0,0.0,1.0,0.0,0.0,0.0,945,730.0,930.0,1345.0,1145.0,3772.0,0.0
557,12561.0,100.0,200.0,0.0,1.0,0.0,27.0,0.0,27.0,378,249.0,376.0,605.0,563.0,1602.0,0.0
558,12563.0,0.0,0.0,0.0,0.0,0.0,30.0,0.0,30.0,232,88.0,118.0,262.0,177.0,721.0,0.0
559,12564.0,200.0,400.0,0.0,0.0,1.0,0.0,0.0,0.0,142,125.0,325.0,542.0,342.0,1190.0,0.0
560,12565.0,100.0,200.0,0.0,1.0,0.0,0.0,0.0,0.0,18,18.0,118.0,218.0,164.0,221.0,1.0
561,12566.0,400.0,800.0,0.0,0.0,2.0,0.0,0.0,0.0,148,75.0,475.0,948.0,630.0,1753.0,0.0
562,12569.0,300.0,600.0,0.0,1.0,1.0,4.0,0.0,4.0,196,60.0,364.0,800.0,546.0,1398.0,0.0
563,12570.0,400.0,800.0,0.0,0.0,2.0,0.0,0.0,0.0,72,9.0,409.0,872.0,509.0,1123.0,0.0
564,12571.0,100.0,200.0,0.0,1.0,0.0,8.0,0.0,8.0,192,74.0,182.0,400.0,272.0,1158.0,0.0
565,12572.0,50.0,100.0,1.0,0.0,0.0,0.0,0.0,0.0,217,107.0,157.0,317.0,142.0,874.0,0.0
566,12575.0,50.0,100.0,1.0,0.0,0.0,0.0,0.0,0.0,24,7.0,57.0,124.0,81.0,144.0,1.0
567,12577.0,50.0,100.0,1.0,0.0,0.0,0.0,0.0,0.0,16,5.0,55.0,116.0,54.0,127.0,1.0
568,12578.0,50.0,100.0,1.0,0.0,0.0,0.0,0.0,0.0,32,9.0,59.0,132.0,30.0,169.0,0.0
569,12580.0,200.0,400.0,0.0,0.0,1.0,0.0,0.0,0.0,24,7.0,207.0,424.0,199.0,531.0,0.0
570,12581.0,100.0,200.0,0.0,1.0,0.0,0.0,0.0,0.0,48,42.0,142.0,248.0,157.0,278.0,0.0
571,12582.0,100.0,200.0,0.0,1.0,0.0,0.0,0.0,0.0,64,20.0,120.0,264.0,161.0,573.0,0.0
572,12583.0,50.0,100.0,1.0,0.0,0.0,0.0,0.0,0.0,16,5.0,55.0,116.0,39.0,203.0,1.0
573,12585.0,50.0,100.0,1.0,0.0,0.0,0.0,0.0,0.0,16,5.0,55.0,116.0,22.0,53.0,0.0
574,12586.0,450.0,900.0,1.0,0.0,2.0,23.0,0.0,23.0,197,113.0,586.0,1120.0,879.0,2215.0,0.0
575,12589.0,600.0,1200.0,0.0,0.0,3.0,32.0,0.0,32.0,288,58.0,690.0,1520.0,1034.0,2672.0,0.0
576,12590.0,200.0,400.0,0.0,0.0,1.0,88.0,0.0,88.0,897,570.0,858.0,1385.0,1286.0,3855.0,0.0
577,12594.0,0.0,0.0,0.0,0.0,0.0,0.0,0.0,0.0,251,214.0,214.0,251.0,58.0,256.0,0.0
578,12601.0,800.0,1600.0,0.0,0.0,4.0,0.0,0.0,0.0,1466,997.0,1797.0,3066.0,2394.0,6048.0,1.0
579,12603.0,600.0,1200.0,0.0,0.0,3.0,135.0,0.0,135.0,1281,717.0,1452.0,2616.0,2177.0,5514.0,0.0
580,12701.0,200.0,400.0,0.0,0.0,1.0,0.0,0.0,0.0,690,302.0,502.0,1090.0,695.0,1704.0,1.0
581,12719.0,50.0,100.0,1.0,0.0,0.0,0.0,0.0,0.0,15,15.0,65.0,115.0,47.0,68.0,0.0
582,12721.0,500.0,1000.0,0.0,1.0,2.0,0.0,0.0,0.0,16,5.0,505.0,1016.0,742.0,1616.0,0.0
583,12723.0,50.0,100.0,1.0,0.0,0.0,0.0,0.0,0.0,8,2.0,52.0,108.0,15.0,116.0,0.0
584,12725.0,50.0,100.0,1.0,0.0,0.0,0.0,0.0,0.0,24,7.0,57.0,124.0,25.0,64.0,0.0
585,12726.0,100.0,200.0,0.0,1.0,0.0,0.0,0.0,0.0,8,2.0,102.0,208.0,129.0,239.0,0.0
586,12729.0,200.0,400.0,0.0,0.0,1.0,0.0,0.0,0.0,40,0.0,200.0,440.0,174.0,281.0,1.0
587,12732.0,50.0,100.0,1.0,0.0,0.0,0.0,0.0,0.0,8,2.0,52.0,108.0,19.0,67.0,0.0
588,12737.0,50.0,100.0,1.0,0.0,0.0,6.0,0.0,6.0,56,5.0,61.0,162.0,91.0,244.0,0.0
589,12738.0,50.0,100.0,1.0,0.0,0.0,0.0,0.0,0.0,8,2.0,52.0,108.0,0.0,51.0,1.0
590,12740.0,50.0,100.0,1.0,0.0,0.0,0.0,0.0,0.0,68,2.0,52.0,168.0,66.0,217.0,0.0
591,12742.0,0.0,0.0,0.0,0.0,0.0,0.0,0.0,0.0,98,98.0,98.0,98.0,0.0,0.0,1.0
592,12747.0,100.0,200.0,0.0,1.0,0.0,0.0,0.0,0.0,8,2.0,102.0,208.0,57.0,340.0,1.0
593,12748.0,50.0,100.0,1.0,0.0,0.0,0.0,0.0,0.0,8,2.0,52.0,108.0,10.0,159.0,0.0
594,12754.0,400.0,800.0,0.0,0.0,2.0,0.0,0.0,0.0,549,107.0,507.0,1349.0,687.0,1832.0,1.0
595,12758.0,50.0,100.0,1.0,0.0,0.0,0.0,0.0,0.0,149,149.0,199.0,249.0,252.0,590.0,0.0
596,12762.0,0.0,0.0,0.0,0.0,0.0,0.0,0.0,0.0,24,24.0,24.0,24.0,0.0,13.0,1.0
597,12764.0,50.0,100.0,1.0,0.0,0.0,0.0,0.0,0.0,8,2.0,52.0,108.0,42.0,185.0,0.0
598,12771.0,200.0,400.0,0.0,0.0,1.0,36.0,0.0,36.0,409,244.0,480.0,845.0,720.0,1944.0,0.0
599,12775.0,100.0,200.0,0.0,1.0,0.0,0.0,0.0,0.0,41,32.0,132.0,241.0,143.0,284.0,0.0
600,12788.0,0.0,0.0,0.0,0.0,0.0,0.0,0.0,0.0,208,202.0,202.0,208.0,66.0,288.0,0.0
601,12789.0,100.0,200.0,0.0,1.0,0.0,0.0,0.0,0.0,16,5.0,105.0,216.0,142.0,369.0,1.0
602,12790.0,200.0,400.0,0.0,0.0,1.0,0.0,0.0,0.0,114,22.0,222.0,514.0,233.0,552.0,0.0
603,12791.0,50.0,100.0,1.0,0.0,0.0,0.0,0.0,0.0,32,10.0,60.0,132.0,13.0,125.0,0.0
604,12801.0,400.0,800.0,0.0,0.0,2.0,0.0,0.0,0.0,410,260.0,660.0,1210.0,793.0,2200.0,1.0
605,12803.0,300.0,600.0,0.0,1.0,1.0,33.0,0.0,33.0,322,18.0,351.0,955.0,526.0,1346.0,0.0
606,12804.0,200.0,400.0,0.0,0.0,1.0,132.0,0.0,132.0,811,488.0,820.0,1343.0,1230.0,3383.0,0.0
607,12809.0,200.0,400.0,0.0,0.0,1.0,0.0,0.0,0.0,32,9.0,209.0,432.0,211.0,532.0,0.0
608,12814.0,50.0,100.0,1.0,0.0,0.0,0.0,0.0,0.0,20,0.0,50.0,120.0,17.0,50.0,1.0
609,12816.0,50.0,100.0,1.0,0.0,0.0,0.0,0.0,0.0,84,40.0,90.0,184.0,118.0,530.0,0.0
610,12817.0,50.0,100.0,1.0,0.0,0.0,0.0,0.0,0.0,47,47.0,97.0,147.0,41.0,179.0,0.0
611,12821.0,50.0,100.0,1.0,0.0,0.0,0.0,0.0,0.0,8,2.0,52.0,108.0,6.0,33.0,1.0
612,12822.0,300.0,600.0,0.0,1.0,1.0,0.0,0.0,0.0,60,5.0,305.0,660.0,423.0,914.0,1.0
613,12828.0,200.0,400.0,0.0,0.0,1.0,0.0,0.0,0.0,288,207.0,407.0,688.0,340.0,1061.0,1.0
614,12831.0,650.0,1300.0,1.0,0.0,3.0,21.0,0.0,21.0,293,145.0,816.0,1614.0,1224.0,3108.0,0.0
615,12832.0,200.0,400.0,0.0,0.0,1.0,0.0,0.0,0.0,72,21.0,221.0,472.0,255.0,864.0,1.0
616,12833.0,200.0,400.0,0.0,0.0,1.0,0.0,0.0,0.0,35,24.0,224.0,435.0,311.0,761.0,0.0
617,12834.0,200.0,400.0,0.0,0.0,1.0,0.0,0.0,0.0,84,12.0,212.0,484.0,281.0,830.0,0.0
618,12839.0,300.0,600.0,0.0,1.0,1.0,0.0,0.0,0.0,343,163.0,463.0,943.0,461.0,1760.0,1.0
619,12842.0,50.0,100.0,1.0,0.0,0.0,0.0,0.0,0.0,16,5.0,55.0,116.0,26.0,67.0,1.0
620,12845.0,200.0,400.0,0.0,0.0,1.0,0.0,0.0,0.0,33,2.0,202.0,433.0,210.0,503.0,0.0
621,12846.0,50.0,100.0,1.0,0.0,0.0,0.0,0.0,0.0,60,20.0,70.0,160.0,71.0,316.0,0.0
622,12849.0,0.0,0.0,0.0,0.0,0.0,0.0,0.0,0.0,37,26.0,26.0,37.0,31.0,40.0,1.0
623,12865.0,200.0,400.0,0.0,0.0,1.0,0.0,0.0,0.0,24,7.0,207.0,424.0,202.0,470.0,1.0
624,12866.0,400.0,800.0,0.0,0.0,2.0,0.0,0.0,0.0,981,469.0,869.0,1781.0,1247.0,3885.0,0.0
625,12870.0,50.0,100.0,1.0,0.0,0.0,0.0,0.0,0.0,30,0.0,50.0,130.0,45.0,192.0,0.0
626,12871.0,200.0,400.0,0.0,0.0,1.0,0.0,0.0,0.0,24,7.0,207.0,424.0,184.0,570.0,0.0
627,12883.0,200.0,400.0,0.0,0.0,1.0,0.0,0.0,0.0,111,88.0,288.0,511.0,329.0,499.0,1.0
628,12885.0,100.0,200.0,0.0,1.0,0.0,0.0,1.0,1.0,122,86.0,186.0,323.0,142.0,646.0,1.0
629,12887.0,200.0,400.0,0.0,0.0,1.0,0.0,0.0,0.0,71,49.0,249.0,471.0,370.0,816.0,1.0
630,12901.0,500.0,1000.0,0.0,1.0,2.0,16.0,0.0,16.0,730,343.0,859.0,1746.0,1288.0,3428.0,1.0
631,12903.0,0.0,0.0,0.0,0.0,0.0,0.0,0.0,0.0,181,181.0,181.0,181.0,69.0,242.0,0.0
632,12912.0,50.0,100.0,1.0,0.0,0.0,0.0,0.0,0.0,44,27.0,77.0,144.0,36.0,225.0,1.0
633,12913.0,0.0,0.0,0.0,0.0,0.0,0.0,0.0,0.0,60,36.0,36.0,60.0,37.0,157.0,0.0
634,12914.0,50.0,100.0,1.0,0.0,0.0,0.0,0.0,0.0,16,5.0,55.0,116.0,41.0,120.0,1.0
635,12916.0,100.0,200.0,0.0,1.0,0.0,0.0,0.0,0.0,64,20.0,120.0,264.0,114.0,414.0,1.0
636,12918.0,100.0,200.0,0.0,1.0,0.0,0.0,0.0,0.0,32,8.0,108.0,232.0,88.0,409.0,0.0
637,12919.0,100.0,200.0,0.0,1.0,0.0,0.0,0.0,0.0,49,26.0,126.0,249.0,174.0,320.0,1.0
638,12920.0,100.0,200.0,0.0,1.0,0.0,0.0,0.0,0.0,44,0.0,100.0,244.0,142.0,378.0,0.0
639,12921.0,200.0,400.0,0.0,0.0,1.0,0.0,0.0,0.0,97,23.0,223.0,497.0,298.0,598.0,0.0
640,12923.0,50.0,100.0,1.0,0.0,0.0,0.0,0.0,0.0,16,5.0,55.0,116.0,35.0,80.0,1.0
641,12926.0,200.0,400.0,0.0,0.0,1.0,0.0,0.0,0.0,32,9.0,209.0,432.0,200.0,399.0,1.0
642,12932.0,0.0,0.0,0.0,0.0,0.0,0.0,0.0,0.0,64,64.0,64.0,64.0,25.0,100.0,0.0
643,12934.0,100.0,200.0,0.0,1.0,0.0,0.0,0.0,0.0,8,2.0,102.0,208.0,82.0,207.0,1.0
644,12935.0,50.0,100.0,1.0,0.0,0.0,0.0,0.0,0.0,34,23.0,73.0,134.0,51.0,196.0,1.0
645,12936.0,50.0,100.0,1.0,0.0,0.0,0.0,0.0,0.0,16,5.0,55.0,116.0,12.0,64.0,0.0
646,12937.0,100.0,200.0,0.0,1.0,0.0,0.0,0.0,0.0,16,4.0,104.0,216.0,76.0,280.0,1.0
647,12941.0,50.0,100.0,1.0,0.0,0.0,0.0,0.0,0.0,16,5.0,55.0,116.0,48.0,165.0,0.0
648,12942.0,0.0,0.0,0.0,0.0,0.0,0.0,0.0,0.0,30,30.0,30.0,30.0,13.0,28.0,1.0
649,12943.0,0.0,0.0,0.0,0.0,0.0,0.0,0.0,0.0,8,2.0,2.0,8.0,1.0,6.0,1.0
650,12944.0,50.0,100.0,1.0,0.0,0.0,0.0,6.0,6.0,155,123.0,173.0,261.0,133.0,521.0,1.0
651,12946.0,50.0,100.0,1.0,0.0,0.0,1.0,0.0,1.0,201,43.0,94.0,302.0,140.0,649.0,0.0
652,12950.0,50.0,100.0,1.0,0.0,0.0,0.0,0.0,0.0,32,10.0,60.0,132.0,27.0,79.0,1.0
653,12953.0,300.0,600.0,0.0,1.0,1.0,0.0,0.0,0.0,343,196.0,496.0,943.0,725.0,1568.0,1.0
654,12956.0,50.0,100.0,1.0,0.0,0.0,0.0,0.0,0.0,20,20.0,70.0,120.0,58.0,121.0,1.0
655,12958.0,50.0,100.0,1.0,0.0,0.0,0.0,0.0,0.0,32,10.0,60.0,132.0,42.0,247.0,1.0
656,12959.0,50.0,100.0,1.0,0.0,0.0,0.0,0.0,0.0,8,2.0,52.0,108.0,71.0,186.0,1.0
657,12960.0,100.0,200.0,0.0,1.0,0.0,0.0,0.0,0.0,16,5.0,105.0,216.0,96.0,105.0,1.0
658,12962.0,200.0,400.0,0.0,0.0,1.0,0.0,0.0,0.0,122,20.0,220.0,522.0,261.0,780.0,0.0
659,12972.0,300.0,600.0,0.0,1.0,1.0,0.0,0.0,0.0,88,15.0,315.0,688.0,426.0,1147.0,0.0
660,12974.0,100.0,200.0,0.0,1.0,0.0,0.0,0.0,0.0,54,3.0,103.0,254.0,133.0,192.0,1.0
661,12979.0,0.0,0.0,0.0,0.0,0.0,15.0,0.0,15.0,136,78.0,93.0,151.0,139.0,419.0,0.0
662,12981.0,50.0,100.0,1.0,0.0,0.0,0.0,0.0,0.0,134,7.0,57.0,234.0,83.0,395.0,0.0
663,12983.0,200.0,400.0,0.0,0.0,1.0,0.0,0.0,0.0,201,102.0,302.0,601.0,351.0,949.0,0.0
664,12985.0,0.0,0.0,0.0,0.0,0.0,0.0,0.0,0.0,40,12.0,12.0,40.0,5.0,79.0,1.0
665,12986.0,50.0,100.0,1.0,0.0,0.0,0.0,0.0,0.0,128,76.0,126.0,228.0,144.0,614.0,0.0
666,12992.0,200.0,400.0,0.0,0.0,1.0,0.0,0.0,0.0,48,14.0,214.0,448.0,222.0,460.0,1.0
667,12993.0,0.0,0.0,0.0,0.0,0.0,0.0,0.0,0.0,92,42.0,42.0,92.0,42.0,158.0,0.0
668,12996.0,50.0,100.0,1.0,0.0,0.0,0.0,0.0,0.0,35,35.0,85.0,135.0,58.0,192.0,1.0
669,13021.0,600.0,1200.0,0.0,0.0,3.0,28.0,0.0,28.0,1573,810.0,1438.0,2801.0,2156.0,5152.0,0.0
670,13027.0,1000.0,2000.0,0.0,0.0,5.0,0.0,0.0,0.0,859,329.0,1329.0,2859.0,1913.0,5762.0,0.0
671,13029.0,400.0,800.0,0.0,0.0,2.0,0.0,0.0,0.0,76,5.0,405.0,876.0,602.0,1542.0,0.0
672,13030.0,200.0,400.0,0.0,0.0,1.0,0.0,0.0,0.0,16,4.0,204.0,416.0,190.0,761.0,0.0
673,13031.0,400.0,800.0,0.0,0.0,2.0,41.0,0.0,41.0,346,146.0,587.0,1187.0,880.0,2284.0,0.0
674,13032.0,250.0,500.0,1.0,0.0,1.0,0.0,0.0,0.0,222,125.0,375.0,722.0,554.0,1716.0,0.0
675,13033.0,100.0,200.0,0.0,1.0,0.0,0.0,0.0,0.0,195,39.0,139.0,395.0,204.0,612.0,0.0
676,13035.0,50.0,100.0,1.0,0.0,0.0,0.0,0.0,0.0,236,146.0,196.0,336.0,253.0,865.0,0.0
677,13036.0,300.0,600.0,0.0,1.0,1.0,22.0,0.0,22.0,238,2.0,324.0,860.0,486.0,1326.0,0.0
678,13037.0,250.0,500.0,1.0,0.0,1.0,19.0,0.0,19.0,163,61.0,330.0,682.0,494.0,1472.0,0.0
679,13039.0,200.0,400.0,0.0,0.0,1.0,90.0,0.0,90.0,627,365.0,655.0,1117.0,982.0,2590.0,0.0
680,13041.0,200.0,400.0,0.0,0.0,1.0,0.0,0.0,0.0,302,198.0,398.0,702.0,517.0,1975.0,0.0
681,13044.0,200.0,400.0,0.0,0.0,1.0,0.0,0.0,0.0,79,4.0,204.0,479.0,228.0,488.0,0.0
682,13045.0,200.0,400.0,0.0,0.0,1.0,83.0,0.0,83.0,944,559.0,842.0,1427.0,1262.0,3292.0,0.0
683,13052.0,100.0,200.0,0.0,1.0,0.0,0.0,0.0,0.0,8,2.0,102.0,208.0,108.0,273.0,0.0
684,13053.0,50.0,100.0,1.0,0.0,0.0,0.0,0.0,0.0,186,175.0,225.0,286.0,321.0,610.0,0.0
685,13054.0,50.0,100.0,1.0,0.0,0.0,0.0,0.0,0.0,74,6.0,56.0,174.0,31.0,214.0,0.0
686,13057.0,0.0,0.0,0.0,0.0,0.0,49.0,0.0,49.0,655,321.0,370.0,704.0,554.0,1625.0,0.0
687,13060.0,200.0,400.0,0.0,0.0,1.0,0.0,0.0,0.0,61,12.0,212.0,461.0,208.0,422.0,0.0
688,13063.0,50.0,100.0,1.0,0.0,0.0,0.0,0.0,0.0,56,4.0,54.0,156.0,30.0,121.0,0.0
689,13066.0,400.0,800.0,0.0,0.0,2.0,12.0,0.0,12.0,378,155.0,567.0,1190.0,850.0,1898.0,0.0
690,13068.0,100.0,200.0,0.0,1.0,0.0,0.0,0.0,0.0,129,17.0,117.0,329.0,156.0,586.0,0.0
691,13069.0,800.0,1600.0,0.0,0.0,4.0,30.0,0.0,30.0,563,177.0,1007.0,2193.0,1510.0,3726.0,1.0
692,13071.0,50.0,100.0,1.0,0.0,0.0,0.0,0.0,0.0,16,5.0,55.0,116.0,71.0,157.0,0.0
693,13073.0,300.0,600.0,0.0,1.0,1.0,3.0,0.0,3.0,147,74.0,377.0,750.0,565.0,1211.0,0.0
694,13074.0,200.0,400.0,0.0,0.0,1.0,0.0,0.0,0.0,40,12.0,212.0,440.0,205.0,644.0,1.0
695,13076.0,100.0,200.0,0.0,1.0,0.0,0.0,0.0,0.0,16,4.0,104.0,216.0,86.0,402.0,0.0
696,13077.0,200.0,400.0,0.0,0.0,1.0,0.0,0.0,0.0,116,16.0,216.0,516.0,218.0,799.0,0.0
697,13078.0,400.0,800.0,0.0,0.0,2.0,0.0,0.0,0.0,24,7.0,407.0,824.0,590.0,1814.0,0.0
698,13080.0,200.0,400.0,0.0,0.0,1.0,0.0,0.0,0.0,24,7.0,207.0,424.0,201.0,440.0,0.0
699,13084.0,100.0,200.0,0.0,1.0,0.0,0.0,0.0,0.0,91,39.0,139.0,291.0,141.0,471.0,1.0
700,13088.0,200.0,400.0,0.0,0.0,1.0,0.0,0.0,0.0,848,404.0,604.0,1248.0,888.0,2487.0,0.0
701,13090.0,600.0,1200.0,0.0,0.0,3.0,127.0,0.0,127.0,1159,319.0,1046.0,2486.0,1568.0,4435.0,0.0
702,13092.0,200.0,400.0,0.0,0.0,1.0,0.0,0.0,0.0,8,2.0,202.0,408.0,160.0,588.0,0.0
703,13101.0,100.0,200.0,0.0,1.0,0.0,0.0,0.0,0.0,64,13.0,113.0,264.0,115.0,521.0,1.0
704,13104.0,200.0,400.0,0.0,0.0,1.0,0.0,0.0,0.0,518,365.0,565.0,918.0,824.0,2525.0,0.0
705,13108.0,50.0,100.0,1.0,0.0,0.0,0.0,0.0,0.0,149,58.0,108.0,249.0,160.0,671.0,0.0
706,13112.0,100.0,200.0,0.0,1.0,0.0,0.0,0.0,0.0,8,2.0,102.0,208.0,90.0,340.0,0.0
707,13114.0,200.0,400.0,0.0,0.0,1.0,0.0,0.0,0.0,97,12.0,212.0,497.0,307.0,1071.0,0.0
708,13116.0,50.0,100.0,1.0,0.0,0.0,0.0,0.0,0.0,112,35.0,85.0,212.0,112.0,512.0,0.0
709,13118.0,100.0,200.0,0.0,1.0,0.0,0.0,0.0,0.0,84,44.0,144.0,284.0,182.0,673.0,0.0
710,13120.0,100.0,200.0,0.0,1.0,0.0,0.0,0.0,0.0,44,13.0,113.0,244.0,126.0,276.0,1.0
711,13126.0,800.0,1600.0,0.0,0.0,4.0,0.0,0.0,0.0,629,294.0,1094.0,2229.0,1576.0,4684.0,0.0
712,13131.0,200.0,400.0,0.0,0.0,1.0,0.0,0.0,0.0,8,2.0,202.0,408.0,168.0,419.0,0.0
713,13132.0,100.0,200.0,0.0,1.0,0.0,0.0,0.0,0.0,8,2.0,102.0,208.0,126.0,391.0,0.0
714,13135.0,200.0,400.0,0.0,0.0,1.0,15.0,0.0,15.0,244,134.0,349.0,659.0,523.0,1098.0,0.0
715,13142.0,200.0,400.0,0.0,0.0,1.0,0.0,0.0,0.0,56,17.0,217.0,456.0,236.0,692.0,0.0
716,13143.0,50.0,100.0,1.0,0.0,0.0,0.0,5.0,5.0,166,106.0,156.0,271.0,209.0,541.0,1.0
717,13145.0,100.0,200.0,0.0,1.0,0.0,0.0,0.0,0.0,66,4.0,104.0,266.0,120.0,294.0,1.0
718,13146.0,100.0,200.0,0.0,1.0,0.0,0.0,0.0,0.0,24,7.0,107.0,224.0,135.0,368.0,1.0
719,13148.0,250.0,500.0,1.0,0.0,1.0,0.0,0.0,0.0,235,130.0,380.0,735.0,511.0,1414.0,1.0
720,13152.0,200.0,400.0,0.0,0.0,1.0,0.0,0.0,0.0,210,89.0,289.0,610.0,392.0,1049.0,0.0
721,13155.0,50.0,100.0,1.0,0.0,0.0,0.0,0.0,0.0,10,0.0,50.0,110.0,22.0,72.0,1.0
722,13159.0,200.0,400.0,0.0,0.0,1.0,0.0,0.0,0.0,146,32.0,232.0,546.0,250.0,699.0,0.0
723,13160.0,100.0,200.0,0.0,1.0,0.0,0.0,0.0,0.0,26,5.0,105.0,226.0,105.0,378.0,0.0
724,13164.0,200.0,400.0,0.0,0.0,1.0,0.0,0.0,0.0,16,5.0,205.0,416.0,206.0,612.0,0.0
725,13165.0,300.0,600.0,0.0,1.0,1.0,0.0,0.0,0.0,218,99.0,399.0,818.0,594.0,1333.0,1.0
726,13166.0,200.0,400.0,0.0,0.0,1.0,0.0,0.0,0.0,48,7.0,207.0,448.0,240.0,722.0,0.0
727,13167.0,100.0,200.0,0.0,1.0,0.0,0.0,0.0,0.0,20,20.0,120.0,220.0,127.0,394.0,0.0
728,13202.0,200.0,400.0,0.0,0.0,1.0,0.0,0.0,0.0,252,226.0,426.0,652.0,574.0,1229.0,1.0
729,13203.0,250.0,500.0,1.0,0.0,1.0,0.0,39.0,39.0,527,297.0,547.0,1066.0,745.0,2132.0,1.0
730,13204.0,600.0,1200.0,0.0,0.0,3.0,0.0,0.0,0.0,889,574.0,1174.0,2089.0,1278.0,3974.0,1.0
731,13205.0,600.0,1200.0,0.0,0.0,3.0,0.0,0.0,0.0,592,267.0,867.0,1792.0,1276.0,3173.0,1.0
732,13206.0,600.0,1200.0,0.0,0.0,3.0,0.0,0.0,0.0,252,109.0,709.0,1452.0,1056.0,2628.0,1.0
733,13207.0,600.0,1200.0,0.0,0.0,3.0,0.0,0.0,0.0,417,223.0,823.0,1617.0,1127.0,2219.0,1.0
734,13208.0,1000.0,2000.0,0.0,0.0,5.0,0.0,0.0,0.0,625,382.0,1382.0,2625.0,1821.0,4941.0,1.0
735,13209.0,500.0,1000.0,0.0,1.0,2.0,24.0,0.0,24.0,233,88.0,612.0,1257.0,917.0,1883.0,1.0
736,13210.0,400.0,800.0,0.0,0.0,2.0,41.0,0.0,41.0,313,177.0,618.0,1154.0,926.0,1716.0,1.0
737,13211.0,200.0,400.0,0.0,0.0,1.0,0.0,0.0,0.0,76,47.0,247.0,476.0,306.0,918.0,1.0
738,13212.0,400.0,800.0,0.0,0.0,2.0,0.0,17.0,17.0,388,170.0,570.0,1205.0,791.0,2409.0,1.0
739,13214.0,50.0,100.0,1.0,0.0,0.0,27.0,0.0,27.0,378,227.0,304.0,505.0,456.0,1320.0,0.0
740,13215.0,200.0,400.0,0.0,0.0,1.0,15.0,0.0,15.0,396,293.0,508.0,811.0,762.0,2016.0,0.0
741,13219.0,400.0,800.0,0.0,0.0,2.0,32.0,0.0,32.0,242,184.0,616.0,1074.0,924.0,2251.0,0.0
742,13224.0,0.0,0.0,0.0,0.0,0.0,0.0,0.0,0.0,699,520.0,520.0,699.0,515.0,1506.0,0.0
743,13303.0,50.0,100.0,1.0,0.0,0.0,0.0,0.0,0.0,8,2.0,52.0,108.0,33.0,125.0,0.0
744,13304.0,100.0,200.0,0.0,1.0,0.0,0.0,0.0,0.0,24,18.0,118.0,224.0,173.0,325.0,0.0
745,13309.0,200.0,400.0,0.0,0.0,1.0,0.0,0.0,0.0,32,8.0,208.0,432.0,260.0,712.0,0.0
746,13315.0,50.0,100.0,1.0,0.0,0.0,0.0,0.0,0.0,38,32.0,82.0,138.0,78.0,226.0,0.0
747,13316.0,200.0,400.0,0.0,0.0,1.0,0.0,0.0,0.0,66,49.0,249.0,466.0,296.0,842.0,1.0
748,13317.0,250.0,500.0,1.0,0.0,1.0,0.0,0.0,0.0,24,7.0,257.0,524.0,317.0,903.0,1.0
749,13318.0,50.0,100.0,1.0,0.0,0.0,0.0,0.0,0.0,8,2.0,52.0,108.0,67.0,151.0,1.0
750,13319.0,0.0,0.0,0.0,0.0,0.0,0.0,0.0,0.0,8,2.0,2.0,8.0,0.0,15.0,1.0
751,13323.0,50.0,100.0,1.0,0.0,0.0,22.0,0.0,22.0,288,166.0,238.0,410.0,356.0,1015.0,0.0
752,13326.0,0.0,0.0,0.0,0.0,0.0,0.0,0.0,0.0,195,135.0,135.0,195.0,110.0,344.0,0.0
753,13327.0,200.0,400.0,0.0,0.0,1.0,0.0,0.0,0.0,8,2.0,202.0,408.0,128.0,436.0,1.0
754,13329.0,200.0,400.0,0.0,0.0,1.0,0.0,0.0,0.0,26,4.0,204.0,426.0,156.0,521.0,1.0
755,13332.0,250.0,500.0,1.0,0.0,1.0,0.0,0.0,0.0,8,2.0,252.0,508.0,377.0,788.0,1.0
756,13338.0,50.0,100.0,1.0,0.0,0.0,0.0,0.0,0.0,8,2.0,52.0,108.0,20.0,179.0,1.0
757,13339.0,400.0,800.0,0.0,0.0,2.0,0.0,0.0,0.0,80,0.0,400.0,880.0,497.0,1157.0,1.0
758,13340.0,250.0,500.0,1.0,0.0,1.0,0.0,0.0,0.0,80,19.0,269.0,580.0,388.0,1185.0,0.0
759,13343.0,50.0,100.0,1.0,0.0,0.0,0.0,0.0,0.0,16,16.0,66.0,116.0,67.0,216.0,0.0
760,13346.0,50.0,100.0,1.0,0.0,0.0,0.0,0.0,0.0,146,94.0,144.0,246.0,185.0,567.0,0.0
761,13348.0,50.0,100.0,1.0,0.0,0.0,0.0,0.0,0.0,8,2.0,52.0,108.0,73.0,210.0,0.0
762,13350.0,200.0,400.0,0.0,0.0,1.0,0.0,0.0,0.0,135,83.0,283.0,535.0,285.0,848.0,1.0
763,13355.0,100.0,200.0,0.0,1.0,0.0,0.0,0.0,0.0,16,4.0,104.0,216.0,116.0,155.0,1.0
764,13357.0,400.0,800.0,0.0,0.0,2.0,0.0,0.0,0.0,148,44.0,444.0,948.0,424.0,1702.0,1.0
765,13365.0,400.0,800.0,0.0,0.0,2.0,0.0,0.0,0.0,184,66.0,466.0,984.0,577.0,1624.0,1.0
766,13367.0,200.0,400.0,0.0,0.0,1.0,0.0,0.0,0.0,261,136.0,336.0,661.0,452.0,1154.0,0.0
767,13368.0,50.0,100.0,1.0,0.0,0.0,0.0,0.0,0.0,38,32.0,82.0,138.0,93.0,190.0,1.0
768,13402.0,50.0,100.0,1.0,0.0,0.0,0.0,0.0,0.0,10,0.0,50.0,110.0,40.0,117.0,1.0
769,13403.0,300.0,600.0,0.0,1.0,1.0,0.0,0.0,0.0,136,92.0,392.0,736.0,558.0,898.0,0.0
770,13407.0,200.0,400.0,0.0,0.0,1.0,0.0,0.0,0.0,67,10.0,210.0,467.0,217.0,655.0,1.0
771,13408.0,50.0,100.0,1.0,0.0,0.0,0.0,0.0,0.0,89,66.0,116.0,189.0,96.0,287.0,1.0
772,13409.0,50.0,100.0,1.0,0.0,0.0,0.0,0.0,0.0,96,5.0,55.0,196.0,50.0,179.0,1.0
773,13411.0,100.0,200.0,0.0,1.0,0.0,0.0,0.0,0.0,81,24.0,124.0,281.0,157.0,345.0,1.0
774,13413.0,200.0,400.0,0.0,0.0,1.0,0.0,0.0,0.0,374,220.0,420.0,774.0,508.0,2005.0,0.0
775,13416.0,100.0,200.0,0.0,1.0,0.0,0.0,0.0,0.0,16,5.0,105.0,216.0,138.0,359.0,0.0
776,13417.0,50.0,100.0,1.0,0.0,0.0,4.0,0.0,4.0,20,0.0,54.0,124.0,80.0,210.0,1.0
777,13420.0,0.0,0.0,0.0,0.0,0.0,0.0,0.0,0.0,41,30.0,30.0,41.0,22.0,22.0,1.0
778,13421.0,300.0,600.0,0.0,1.0,1.0,5.0,0.0,5.0,354,159.0,464.0,959.0,696.0,1904.0,1.0
779,13424.0,0.0,0.0,0.0,0.0,0.0,0.0,0.0,0.0,274,110.0,110.0,274.0,132.0,288.0,0.0
780,13431.0,50.0,100.0,1.0,0.0,0.0,5.0,0.0,5.0,32,9.0,64.0,137.0,95.0,285.0,0.0
781,13439.0,200.0,400.0,0.0,0.0,1.0,0.0,0.0,0.0,15,15.0,215.0,415.0,244.0,561.0,1.0
782,13440.0,1200.0,2400.0,0.0,0.0,6.0,0.0,0.0,0.0,781,293.0,1493.0,3181.0,2211.0,6013.0,1.0
783,13441.0,0.0,0.0,0.0,0.0,0.0,0.0,0.0,0.0,84,84.0,84.0,84.0,0.0,0.0,0.0
784,13452.0,200.0,400.0,0.0,0.0,1.0,0.0,0.0,0.0,36,25.0,225.0,436.0,283.0,746.0,1.0
785,13456.0,200.0,400.0,0.0,0.0,1.0,0.0,0.0,0.0,16,5.0,205.0,416.0,255.0,782.0,0.0
786,13459.0,100.0,200.0,0.0,1.0,0.0,0.0,0.0,0.0,36,25.0,125.0,236.0,108.0,338.0,1.0
787,13460.0,200.0,400.0,0.0,0.0,1.0,0.0,0.0,0.0,56,17.0,217.0,456.0,191.0,691.0,1.0
788,13461.0,200.0,400.0,0.0,0.0,1.0,0.0,0.0,0.0,68,7.0,207.0,468.0,216.0,452.0,0.0
789,13469.0,50.0,100.0,1.0,0.0,0.0,0.0,0.0,0.0,16,5.0,55.0,116.0,18.0,125.0,0.0
790,13473.0,50.0,100.0,1.0,0.0,0.0,2.0,0.0,2.0,60,0.0,52.0,162.0,78.0,238.0,0.0
791,13478.0,100.0,200.0,0.0,1.0,0.0,0.0,0.0,0.0,88,14.0,114.0,288.0,162.0,272.0,0.0
792,13480.0,100.0,200.0,0.0,1.0,0.0,0.0,0.0,0.0,52,10.0,110.0,252.0,139.0,499.0,0.0
793,13490.0,0.0,0.0,0.0,0.0,0.0,0.0,0.0,0.0,94,94.0,94.0,94.0,131.0,218.0,0.0
794,13491.0,200.0,400.0,0.0,0.0,1.0,0.0,0.0,0.0,56,29.0,229.0,456.0,228.0,553.0,0.0
795,13492.0,200.0,400.0,0.0,0.0,1.0,18.0,0.0,18.0,246,116.0,334.0,664.0,501.0,1547.0,0.0
796,13495.0,100.0,200.0,0.0,1.0,0.0,0.0,0.0,0.0,32,9.0,109.0,232.0,143.0,342.0,1.0
797,13501.0,1200.0,2400.0,0.0,0.0,6.0,0.0,0.0,0.0,1571,936.0,2136.0,3971.0,2668.0,7678.0,1.0
798,13502.0,1200.0,2400.0,0.0,0.0,6.0,34.0,0.0,34.0,486,266.0,1500.0,2920.0,2250.0,5440.0,1.0
799,13601.0,1000.0,2000.0,0.0,0.0,5.0,54.0,0.0,54.0,1987,690.0,1744.0,4041.0,2615.0,6413.0,1.0
800,13605.0,200.0,400.0,0.0,0.0,1.0,0.0,0.0,0.0,127,8.0,208.0,527.0,199.0,1058.0,0.0
801,13606.0,50.0,100.0,1.0,0.0,0.0,13.0,0.0,13.0,77,17.0,80.0,190.0,120.0,388.0,0.0
802,13608.0,100.0,200.0,0.0,1.0,0.0,0.0,0.0,0.0,50,2.0,102.0,250.0,117.0,277.0,1.0
803,13612.0,100.0,200.0,0.0,1.0,0.0,0.0,0.0,0.0,36,5.0,105.0,236.0,94.0,337.0,0.0
804,13613.0,50.0,100.0,1.0,0.0,0.0,0.0,0.0,0.0,74,57.0,107.0,174.0,147.0,342.0,1.0
805,13616.0,50.0,100.0,1.0,0.0,0.0,0.0,0.0,0.0,84,7.0,57.0,184.0,53.0,127.0,1.0
806,13617.0,200.0,400.0,0.0,0.0,1.0,0.0,0.0,0.0,259,117.0,317.0,659.0,453.0,1191.0,0.0
807,13619.0,250.0,500.0,1.0,0.0,1.0,51.0,0.0,51.0,463,107.0,408.0,1014.0,611.0,1613.0,1.0
808,13620.0,100.0,200.0,0.0,1.0,0.0,9.0,0.0,9.0,126,31.0,140.0,335.0,209.0,479.0,1.0
809,13622.0,100.0,200.0,0.0,1.0,0.0,0.0,0.0,0.0,8,2.0,102.0,208.0,96.0,366.0,0.0
810,13624.0,200.0,400.0,0.0,0.0,1.0,0.0,0.0,0.0,62,28.0,228.0,462.0,222.0,443.0,0.0
811,13625.0,0.0,0.0,0.0,0.0,0.0,34.0,0.0,34.0,198,5.0,39.0,232.0,58.0,165.0,1.0
812,13626.0,100.0,200.0,0.0,1.0,0.0,0.0,0.0,0.0,133,2.0,102.0,333.0,127.0,305.0,0.0
813,13630.0,0.0,0.0,0.0,0.0,0.0,16.0,0.0,16.0,240,2.0,18.0,256.0,27.0,158.0,1.0
814,13634.0,100.0,200.0,0.0,1.0,0.0,0.0,0.0,0.0,41,23.0,123.0,241.0,157.0,620.0,0.0
815,13637.0,250.0,500.0,1.0,0.0,1.0,0.0,0.0,0.0,187,63.0,313.0,687.0,469.0,894.0,1.0
816,13642.0,400.0,800.0,0.0,0.0,2.0,0.0,0.0,0.0,98,59.0,459.0,898.0,605.0,1173.0,1.0
817,13646.0,100.0,200.0,0.0,1.0,0.0,0.0,0.0,0.0,16,5.0,105.0,216.0,100.0,327.0,1.0
818,13648.0,50.0,100.0,1.0,0.0,0.0,0.0,0.0,0.0,44,38.0,88.0,144.0,50.0,245.0,0.0
819,13652.0,100.0,200.0,0.0,1.0,0.0,22.0,0.0,22.0,333,2.0,124.0,555.0,185.0,464.0,1.0
820,13654.0,100.0,200.0,0.0,1.0,0.0,0.0,0.0,0.0,48,13.0,113.0,248.0,140.0,432.0,1.0
821,13655.0,100.0,200.0,0.0,1.0,0.0,0.0,0.0,0.0,113,113.0,213.0,313.0,205.0,607.0,1.0
822,13656.0,200.0,400.0,0.0,0.0,1.0,0.0,0.0,0.0,149,6.0,206.0,549.0,242.0,786.0,1.0
823,13658.0,50.0,100.0,1.0,0.0,0.0,0.0,0.0,0.0,24,7.0,57.0,124.0,81.0,324.0,0.0
824,13660.0,100.0,200.0,0.0,1.0,0.0,0.0,0.0,0.0,16,4.0,104.0,216.0,147.0,369.0,1.0
825,13662.0,450.0,900.0,1.0,0.0,2.0,0.0,0.0,0.0,227,162.0,612.0,1127.0,627.0,2219.0,1.0
826,13668.0,100.0,200.0,0.0,1.0,0.0,0.0,0.0,0.0,70,53.0,153.0,270.0,199.0,509.0,0.0
827,13669.0,450.0,900.0,1.0,0.0,2.0,5.0,0.0,5.0,255,86.0,541.0,1160.0,811.0,2650.0,0.0
828,13672.0,0.0,0.0,0.0,0.0,0.0,0.0,0.0,0.0,320,17.0,17.0,320.0,6.0,45.0,1.0
829,13673.0,200.0,400.0,0.0,0.0,1.0,0.0,0.0,0.0,144,7.0,207.0,544.0,201.0,410.0,1.0
830,13676.0,250.0,500.0,1.0,0.0,1.0,18.0,0.0,18.0,242,181.0,449.0,760.0,673.0,1795.0,0.0
831,13685.0,50.0,100.0,1.0,0.0,0.0,0.0,0.0,0.0,20,0.0,50.0,120.0,68.0,221.0,0.0
832,13691.0,200.0,400.0,0.0,0.0,1.0,0.0,0.0,0.0,100,11.0,211.0,500.0,206.0,496.0,0.0
833,13694.0,100.0,200.0,0.0,1.0,0.0,0.0,0.0,0.0,8,2.0,102.0,208.0,86.0,184.0,1.0
834,13730.0,100.0,200.0,0.0,1.0,0.0,0.0,0.0,0.0,8,2.0,102.0,208.0,122.0,367.0,1.0
835,13732.0,250.0,500.0,1.0,0.0,1.0,0.0,0.0,0.0,126,31.0,281.0,626.0,386.0,1080.0,0.0
836,13733.0,200.0,400.0,0.0,0.0,1.0,0.0,0.0,0.0,33,22.0,222.0,433.0,184.0,564.0,1.0
837,13739.0,50.0,100.0,1.0,0.0,0.0,0.0,0.0,0.0,8,2.0,52.0,108.0,24.0,51.0,1.0
838,13740.0,0.0,0.0,0.0,0.0,0.0,0.0,0.0,0.0,44,44.0,44.0,44.0,11.0,69.0,0.0
839,13743.0,50.0,100.0,1.0,0.0,0.0,2.0,0.0,2.0,38,10.0,62.0,140.0,93.0,347.0,0.0
840,13746.0,50.0,100.0,1.0,0.0,0.0,0.0,0.0,0.0,8,2.0,52.0,108.0,73.0,232.0,0.0
841,13750.0,50.0,100.0,1.0,0.0,0.0,0.0,0.0,0.0,24,7.0,57.0,124.0,34.0,61.0,1.0
842,13751.0,50.0,100.0,1.0,0.0,0.0,0.0,0.0,0.0,8,2.0,52.0,108.0,58.0,98.0,1.0
843,13753.0,50.0,100.0,1.0,0.0,0.0,0.0,0.0,0.0,139,98.0,148.0,239.0,171.0,514.0,0.0
844,13754.0,50.0,100.0,1.0,0.0,0.0,0.0,2.0,2.0,52,52.0,102.0,154.0,104.0,308.0,1.0
845,13757.0,50.0,100.0,1.0,0.0,0.0,0.0,0.0,0.0,8,2.0,52.0,108.0,19.0,160.0,0.0
846,13760.0,800.0,1600.0,0.0,0.0,4.0,46.0,0.0,46.0,1258,714.0,1560.0,2904.0,2340.0,6269.0,0.0
847,13775.0,0.0,0.0,0.0,0.0,0.0,13.0,0.0,13.0,132,23.0,36.0,145.0,53.0,157.0,0.0
848,13776.0,0.0,0.0,0.0,0.0,0.0,0.0,0.0,0.0,40,0.0,0.0,40.0,0.0,31.0,1.0
849,13778.0,200.0,400.0,0.0,0.0,1.0,11.0,0.0,11.0,118,39.0,250.0,529.0,375.0,891.0,0.0
850,13782.0,50.0,100.0,1.0,0.0,0.0,0.0,0.0,0.0,16,5.0,55.0,116.0,13.0,52.0,1.0
851,13783.0,0.0,0.0,0.0,0.0,0.0,12.0,0.0,12.0,190,0.0,12.0,202.0,18.0,209.0,1.0
852,13787.0,100.0,200.0,0.0,1.0,0.0,0.0,0.0,0.0,63,41.0,141.0,263.0,131.0,481.0,1.0
853,13790.0,400.0,800.0,0.0,0.0,2.0,0.0,0.0,0.0,646,438.0,838.0,1446.0,1065.0,2649.0,1.0
854,13795.0,100.0,200.0,0.0,1.0,0.0,0.0,0.0,0.0,16,5.0,105.0,216.0,89.0,260.0,1.0
855,13796.0,50.0,100.0,1.0,0.0,0.0,0.0,0.0,0.0,8,2.0,52.0,108.0,64.0,127.0,1.0
856,13802.0,50.0,100.0,1.0,0.0,0.0,0.0,0.0,0.0,20,0.0,50.0,120.0,39.0,147.0,0.0
857,13803.0,250.0,500.0,1.0,0.0,1.0,0.0,0.0,0.0,58,38.0,288.0,558.0,376.0,984.0,1.0
858,13807.0,50.0,100.0,1.0,0.0,0.0,0.0,0.0,0.0,8,2.0,52.0,108.0,32.0,158.0,0.0
859,13808.0,50.0,100.0,1.0,0.0,0.0,0.0,0.0,0.0,17,17.0,67.0,117.0,52.0,193.0,0.0
860,13810.0,50.0,100.0,1.0,0.0,0.0,0.0,0.0,0.0,16,5.0,55.0,116.0,56.0,107.0,0.0
861,13811.0,200.0,400.0,0.0,0.0,1.0,0.0,0.0,0.0,32,21.0,221.0,432.0,302.0,648.0,0.0
862,13812.0,50.0,100.0,1.0,0.0,0.0,0.0,0.0,0.0,48,37.0,87.0,148.0,52.0,290.0,1.0
863,13815.0,400.0,800.0,0.0,0.0,2.0,0.0,0.0,0.0,372,104.0,504.0,1172.0,667.0,1703.0,1.0
864,13820.0,0.0,0.0,0.0,0.0,0.0,0.0,76.0,76.0,496,445.0,445.0,572.0,564.0,1716.0,0.0
865,13825.0,100.0,200.0,0.0,1.0,0.0,0.0,0.0,0.0,16,5.0,105.0,216.0,145.0,338.0,1.0
866,13827.0,200.0,400.0,0.0,0.0,1.0,10.0,0.0,10.0,242,183.0,393.0,652.0,589.0,1632.0,0.0
867,13830.0,200.0,400.0,0.0,0.0,1.0,0.0,0.0,0.0,85,30.0,230.0,485.0,145.0,725.0,1.0
868,13838.0,0.0,0.0,0.0,0.0,0.0,0.0,53.0,53.0,287,246.0,246.0,340.0,254.0,679.0,1.0
869,13839.0,100.0,200.0,0.0,1.0,0.0,0.0,0.0,0.0,8,2.0,102.0,208.0,67.0,250.0,1.0
870,13842.0,0.0,0.0,0.0,0.0,0.0,0.0,0.0,0.0,8,2.0,2.0,8.0,1.0,9.0,1.0
871,13849.0,200.0,400.0,0.0,0.0,1.0,0.0,0.0,0.0,52,30.0,230.0,452.0,220.0,445.0,1.0
872,13850.0,0.0,0.0,0.0,0.0,0.0,163.0,0.0,163.0,963,555.0,718.0,1126.0,1076.0,3224.0,0.0
873,13856.0,200.0,400.0,0.0,0.0,1.0,0.0,0.0,0.0,127,63.0,263.0,527.0,298.0,807.0,1.0
874,13862.0,50.0,100.0,1.0,0.0,0.0,0.0,0.0,0.0,191,130.0,180.0,291.0,87.0,522.0,1.0
875,13863.0,50.0,100.0,1.0,0.0,0.0,0.0,0.0,0.0,8,2.0,52.0,108.0,18.0,53.0,1.0
876,13864.0,100.0,200.0,0.0,1.0,0.0,0.0,0.0,0.0,8,2.0,102.0,208.0,118.0,144.0,1.0
877,13865.0,250.0,500.0,1.0,0.0,1.0,3.0,0.0,3.0,76,5.0,258.0,579.0,387.0,789.0,0.0
878,13901.0,600.0,1200.0,0.0,0.0,3.0,0.0,0.0,0.0,473,255.0,855.0,1673.0,1233.0,3083.0,1.0
879,13903.0,400.0,800.0,0.0,0.0,2.0,6.0,0.0,6.0,378,210.0,616.0,1184.0,924.0,2501.0,0.0
880,13904.0,400.0,800.0,0.0,0.0,2.0,0.0,0.0,0.0,112,33.0,433.0,912.0,376.0,1493.0,1.0
881,13905.0,400.0,800.0,0.0,0.0,2.0,66.0,0.0,66.0,535,280.0,746.0,1401.0,1118.0,2523.0,1.0
882,14001.0,200.0,400.0,0.0,0.0,1.0,0.0,0.0,0.0,162,147.0,347.0,562.0,247.0,1276.0,0.0
883,14004.0,400.0,800.0,0.0,0.0,2.0,0.0,0.0,0.0,155,112.0,512.0,955.0,715.0,1733.0,0.0
884,14005.0,100.0,200.0,0.0,1.0,0.0,0.0,0.0,0.0,55,0.0,100.0,255.0,101.0,310.0,0.0
885,14006.0,250.0,500.0,1.0,0.0,1.0,0.0,0.0,0.0,152,63.0,313.0,652.0,457.0,1269.0,0.0
886,14009.0,200.0,400.0,0.0,0.0,1.0,0.0,0.0,0.0,122,122.0,322.0,522.0,278.0,727.0,1.0
887,14011.0,250.0,500.0,1.0,0.0,1.0,8.0,0.0,8.0,140,4.0,262.0,648.0,392.0,895.0,0.0
888,14012.0,200.0,400.0,0.0,0.0,1.0,0.0,0.0,0.0,8,2.0,202.0,408.0,162.0,527.0,1.0
889,14020.0,400.0,800.0,0.0,0.0,2.0,0.0,0.0,0.0,735,443.0,843.0,1535.0,923.0,2895.0,1.0
890,14024.0,100.0,200.0,0.0,1.0,0.0,0.0,0.0,0.0,8,2.0,102.0,208.0,95.0,352.0,0.0
891,14025.0,50.0,100.0,1.0,0.0,0.0,0.0,0.0,0.0,114,56.0,106.0,214.0,147.0,380.0,0.0
892,14031.0,200.0,400.0,0.0,0.0,1.0,0.0,0.0,0.0,123,57.0,257.0,523.0,179.0,1142.0,0.0
893,14032.0,300.0,600.0,0.0,1.0,1.0,11.0,0.0,11.0,132,48.0,359.0,743.0,538.0,1768.0,0.0
894,14036.0,200.0,400.0,0.0,0.0,1.0,0.0,0.0,0.0,59,13.0,213.0,459.0,289.0,578.0,0.0
895,14040.0,50.0,100.0,1.0,0.0,0.0,0.0,0.0,0.0,53,46.0,96.0,153.0,136.0,314.0,0.0
896,14042.0,200.0,400.0,0.0,0.0,1.0,0.0,0.0,0.0,39,39.0,239.0,439.0,263.0,686.0,1.0
897,14043.0,200.0,400.0,0.0,0.0,1.0,0.0,0.0,0.0,849,671.0,871.0,1249.0,1139.0,3367.0,0.0
898,14047.0,50.0,100.0,1.0,0.0,0.0,0.0,0.0,0.0,178,148.0,198.0,278.0,282.0,644.0,0.0
899,14048.0,200.0,400.0,0.0,0.0,1.0,0.0,8.0,8.0,496,355.0,555.0,904.0,767.0,1808.0,1.0
900,14051.0,450.0,900.0,1.0,0.0,2.0,56.0,0.0,56.0,384,216.0,722.0,1340.0,1083.0,3045.0,0.0
901,14052.0,200.0,400.0,0.0,0.0,1.0,22.0,0.0,22.0,329,183.0,405.0,751.0,607.0,2038.0,0.0
902,14057.0,200.0,400.0,0.0,0.0,1.0,0.0,0.0,0.0,107,73.0,273.0,507.0,373.0,1047.0,0.0
903,14058.0,200.0,400.0,0.0,0.0,1.0,0.0,0.0,0.0,40,0.0,200.0,440.0,258.0,628.0,0.0
904,14059.0,250.0,500.0,1.0,0.0,1.0,39.0,0.0,39.0,339,177.0,466.0,878.0,699.0,1662.0,0.0
905,14063.0,50.0,100.0,1.0,0.0,0.0,0.0,0.0,0.0,336,276.0,326.0,436.0,440.0,1230.0,0.0
906,14066.0,50.0,100.0,1.0,0.0,0.0,0.0,0.0,0.0,70,0.0,50.0,170.0,35.0,121.0,1.0
907,14067.0,100.0,200.0,0.0,1.0,0.0,0.0,0.0,0.0,72,21.0,121.0,272.0,154.0,501.0,1.0
908,14068.0,0.0,0.0,0.0,0.0,0.0,0.0,0.0,0.0,590,412.0,412.0,590.0,421.0,1318.0,0.0
909,14070.0,300.0,600.0,0.0,1.0,1.0,0.0,0.0,0.0,84,41.0,341.0,684.0,469.0,1180.0,1.0
910,14072.0,200.0,400.0,0.0,0.0,1.0,48.0,0.0,48.0,841,549.0,797.0,1289.0,1195.0,2904.0,0.0
911,14075.0,600.0,1200.0,0.0,0.0,3.0,38.0,0.0,38.0,915,538.0,1176.0,2153.0,1764.0,5526.0,0.0
912,14080.0,100.0,200.0,0.0,1.0,0.0,0.0,0.0,0.0,107,72.0,172.0,307.0,254.0,599.0,0.0
913,14081.0,0.0,0.0,0.0,0.0,0.0,0.0,0.0,0.0,488,358.0,358.0,488.0,88.0,385.0,1.0
914,14082.0,50.0,100.0,1.0,0.0,0.0,0.0,0.0,0.0,8,2.0,52.0,108.0,17.0,145.0,0.0
915,14085.0,200.0,400.0,0.0,0.0,1.0,0.0,0.0,0.0,211,153.0,353.0,611.0,413.0,1463.0,0.0
916,14086.0,600.0,1200.0,0.0,0.0,3.0,95.0,0.0,95.0,740,504.0,1199.0,2035.0,1798.0,4817.0,0.0
917,14091.0,100.0,200.0,0.0,1.0,0.0,0.0,0.0,0.0,8,2.0,102.0,208.0,102.0,320.0,1.0
918,14092.0,50.0,100.0,1.0,0.0,0.0,27.0,2.0,29.0,177,136.0,213.0,306.0,319.0,917.0,0.0
919,14094.0,1000.0,2000.0,0.0,0.0,5.0,3.0,0.0,3.0,1403,754.0,1757.0,3406.0,2635.0,7427.0,0.0
920,14103.0,300.0,600.0,0.0,1.0,1.0,0.0,0.0,0.0,250,150.0,450.0,850.0,593.0,1641.0,1.0
921,14105.0,250.0,500.0,1.0,0.0,1.0,0.0,0.0,0.0,8,2.0,252.0,508.0,362.0,868.0,0.0
922,14108.0,300.0,600.0,0.0,1.0,1.0,0.0,0.0,0.0,46,5.0,305.0,646.0,456.0,998.0,0.0
923,14111.0,100.0,200.0,0.0,1.0,0.0,0.0,0.0,0.0,16,5.0,105.0,216.0,117.0,433.0,0.0
924,14120.0,1000.0,2000.0,0.0,0.0,5.0,77.0,0.0,77.0,968,597.0,1674.0,3045.0,2510.0,5797.0,0.0
925,14127.0,200.0,400.0,0.0,0.0,1.0,77.0,0.0,77.0,1125,834.0,1111.0,1602.0,1666.0,4613.0,0.0
926,14131.0,0.0,0.0,0.0,0.0,0.0,0.0,0.0,0.0,210,150.0,150.0,210.0,206.0,603.0,0.0
927,14132.0,200.0,400.0,0.0,0.0,1.0,0.0,0.0,0.0,101,51.0,251.0,501.0,201.0,1075.0,0.0
928,14136.0,200.0,400.0,0.0,0.0,1.0,0.0,0.0,0.0,16,5.0,205.0,416.0,234.0,602.0,1.0
929,14138.0,50.0,100.0,1.0,0.0,0.0,0.0,0.0,0.0,66,26.0,76.0,166.0,83.0,283.0,1.0
930,14141.0,0.0,0.0,0.0,0.0,0.0,0.0,0.0,0.0,465,404.0,404.0,465.0,397.0,1204.0,0.0
931,14145.0,100.0,200.0,0.0,1.0,0.0,0.0,0.0,0.0,32,10.0,110.0,232.0,106.0,152.0,1.0
932,14150.0,0.0,0.0,0.0,0.0,0.0,119.0,11.0,130.0,1493,997.0,1116.0,1623.0,1674.0,4868.0,0.0
933,14171.0,50.0,100.0,1.0,0.0,0.0,0.0,0.0,0.0,40,20.0,70.0,140.0,75.0,175.0,0.0
934,14172.0,100.0,200.0,0.0,1.0,0.0,0.0,0.0,0.0,16,5.0,105.0,216.0,126.0,403.0,0.0
935,14174.0,50.0,100.0,1.0,0.0,0.0,0.0,0.0,0.0,214,164.0,214.0,314.0,285.0,802.0,0.0
936,14201.0,200.0,400.0,0.0,0.0,1.0,22.0,61.0,83.0,596,284.0,506.0,1079.0,759.0,2157.0,1.0
937,14202.0,0.0,0.0,0.0,0.0,0.0,21.0,0.0,21.0,253,75.0,96.0,274.0,143.0,381.0,0.0
938,14203.0,0.0,0.0,0.0,0.0,0.0,0.0,0.0,0.0,230,210.0,210.0,230.0,64.0,133.0,1.0
939,14204.0,200.0,400.0,0.0,0.0,1.0,3.0,0.0,3.0,410,110.0,313.0,813.0,469.0,1043.0,1.0
940,14206.0,600.0,1200.0,0.0,0.0,3.0,0.0,42.0,42.0,308,167.0,767.0,1550.0,934.0,3099.0,1.0
941,14207.0,1000.0,2000.0,0.0,0.0,5.0,0.0,0.0,0.0,830,393.0,1393.0,2830.0,1603.0,5439.0,1.0
942,14208.0,200.0,400.0,0.0,0.0,1.0,71.0,0.0,71.0,467,197.0,468.0,938.0,701.0,1446.0,1.0
943,14209.0,0.0,0.0,0.0,0.0,0.0,0.0,0.0,0.0,770,506.0,506.0,770.0,283.0,668.0,0.0
944,14210.0,200.0,400.0,0.0,0.0,1.0,0.0,0.0,0.0,824,533.0,733.0,1224.0,793.0,2231.0,1.0
945,14211.0,1100.0,2200.0,0.0,1.0,5.0,0.0,0.0,0.0,544,241.0,1341.0,2744.0,1872.0,5455.0,1.0
946,14212.0,600.0,1200.0,0.0,0.0,3.0,0.0,0.0,0.0,290,219.0,819.0,1490.0,1077.0,2797.0,1.0
947,14213.0,1200.0,2400.0,0.0,0.0,6.0,0.0,0.0,0.0,478,215.0,1415.0,2878.0,2037.0,4886.0,1.0
948,14214.0,400.0,800.0,0.0,0.0,2.0,32.0,40.0,72.0,621,313.0,745.0,1493.0,1117.0,2985.0,1.0
949,14215.0,1400.0,2800.0,0.0,0.0,7.0,29.0,0.0,29.0,1133,567.0,1996.0,3962.0,2993.0,7889.0,1.0
950,14216.0,850.0,1700.0,1.0,0.0,4.0,36.0,0.0,36.0,338,202.0,1088.0,2074.0,1632.0,3034.0,0.0
951,14217.0,300.0,600.0,0.0,1.0,1.0,0.0,0.0,0.0,401,334.0,634.0,1001.0,865.0,2950.0,0.0
952,14218.0,600.0,1200.0,0.0,0.0,3.0,57.0,0.0,57.0,636,441.0,1098.0,1893.0,1646.0,3489.0,1.0
953,14219.0,200.0,400.0,0.0,0.0,1.0,0.0,0.0,0.0,179,91.0,291.0,579.0,338.0,1063.0,1.0
954,14220.0,650.0,1300.0,1.0,0.0,3.0,0.0,12.0,12.0,407,291.0,941.0,1719.0,1346.0,3438.0,1.0
955,14221.0,800.0,1600.0,0.0,0.0,4.0,106.0,0.0,106.0,2314,1170.0,2076.0,4020.0,3113.0,7576.0,0.0
956,14222.0,400.0,800.0,0.0,0.0,2.0,18.0,0.0,18.0,201,201.0,619.0,1019.0,928.0,1562.0,0.0
957,14223.0,600.0,1200.0,0.0,0.0,3.0,0.0,0.0,0.0,515,265.0,865.0,1715.0,1228.0,2772.0,0.0
958,14224.0,600.0,1200.0,0.0,0.0,3.0,99.0,0.0,99.0,763,603.0,1302.0,2062.0,1953.0,4946.0,0.0
959,14225.0,800.0,1600.0,0.0,0.0,4.0,0.0,0.0,0.0,755,476.0,1276.0,2355.0,1466.0,4507.0,1.0
960,14226.0,400.0,800.0,0.0,0.0,2.0,48.0,0.0,48.0,1002,543.0,991.0,1850.0,1486.0,4333.0,0.0
961,14227.0,400.0,800.0,0.0,0.0,2.0,0.0,4.0,4.0,421,345.0,745.0,1225.0,1058.0,2449.0,1.0
962,14228.0,200.0,400.0,0.0,0.0,1.0,47.0,0.0,47.0,794,577.0,824.0,1241.0,1235.0,3407.0,0.0
963,14301.0,200.0,400.0,0.0,0.0,1.0,50.0,0.0,50.0,388,194.0,444.0,838.0,665.0,1574.0,1.0
964,14303.0,300.0,600.0,0.0,1.0,1.0,7.0,0.0,7.0,111,15.0,322.0,718.0,483.0,1399.0,1.0
965,14304.0,600.0,1200.0,0.0,0.0,3.0,0.0,0.0,0.0,867,472.0,1072.0,2067.0,1236.0,3858.0,1.0
966,14305.0,500.0,1000.0,0.0,1.0,2.0,12.0,0.0,12.0,590,90.0,602.0,1602.0,902.0,2560.0,1.0
967,14411.0,250.0,500.0,1.0,0.0,1.0,0.0,0.0,0.0,140,97.0,347.0,640.0,272.0,1146.0,1.0
968,14414.0,0.0,0.0,0.0,0.0,0.0,41.0,0.0,41.0,267,157.0,198.0,308.0,296.0,902.0,0.0
969,14416.0,100.0,200.0,0.0,1.0,0.0,4.0,0.0,4.0,80,43.0,147.0,284.0,220.0,503.0,0.0
970,14420.0,200.0,400.0,0.0,0.0,1.0,0.0,0.0,0.0,636,445.0,645.0,1036.0,909.0,2446.0,0.0
971,14423.0,200.0,400.0,0.0,0.0,1.0,0.0,0.0,0.0,116,44.0,244.0,516.0,276.0,733.0,0.0
972,14424.0,200.0,400.0,0.0,0.0,1.0,0.0,0.0,0.0,706,485.0,685.0,1106.0,984.0,3090.0,0.0
973,14425.0,450.0,900.0,1.0,0.0,2.0,3.0,0.0,3.0,244,151.0,604.0,1147.0,905.0,2438.0,0.0
974,14432.0,0.0,0.0,0.0,0.0,0.0,31.0,0.0,31.0,337,162.0,193.0,368.0,289.0,1087.0,0.0
975,14433.0,250.0,500.0,1.0,0.0,1.0,0.0,0.0,0.0,69,57.0,307.0,569.0,415.0,929.0,1.0
976,14437.0,200.0,400.0,0.0,0.0,1.0,0.0,0.0,0.0,394,38.0,238.0,794.0,302.0,993.0,1.0
977,14445.0,200.0,400.0,0.0,0.0,1.0,0.0,0.0,0.0,286,7.0,207.0,686.0,307.0,913.0,1.0
978,14450.0,600.0,1200.0,0.0,0.0,3.0,183.0,0.0,183.0,1388,669.0,1452.0,2771.0,2178.0,6507.0,0.0
979,14456.0,400.0,800.0,0.0,0.0,2.0,0.0,0.0,0.0,784,381.0,781.0,1584.0,1107.0,2668.0,1.0
980,14464.0,400.0,800.0,0.0,0.0,2.0,0.0,0.0,0.0,55,32.0,432.0,855.0,516.0,965.0,1.0
981,14468.0,400.0,800.0,0.0,0.0,2.0,56.0,0.0,56.0,384,224.0,680.0,1240.0,1019.0,2976.0,0.0
982,14470.0,200.0,400.0,0.0,0.0,1.0,18.0,0.0,18.0,135,80.0,298.0,553.0,446.0,1055.0,1.0
983,14472.0,400.0,800.0,0.0,0.0,2.0,0.0,0.0,0.0,8,2.0,402.0,808.0,560.0,1563.0,0.0
984,14476.0,100.0,200.0,0.0,1.0,0.0,0.0,0.0,0.0,116,16.0,116.0,316.0,161.0,459.0,0.0
985,14481.0,50.0,100.0,1.0,0.0,0.0,0.0,0.0,0.0,8,2.0,52.0,108.0,67.0,255.0,0.0
986,14486.0,50.0,100.0,1.0,0.0,0.0,0.0,0.0,0.0,8,2.0,52.0,108.0,14.0,33.0,1.0
987,14505.0,200.0,400.0,0.0,0.0,1.0,0.0,0.0,0.0,148,2.0,202.0,548.0,204.0,734.0,0.0
988,14510.0,0.0,0.0,0.0,0.0,0.0,0.0,42.0,42.0,310,290.0,290.0,352.0,268.0,703.0,1.0
989,14521.0,200.0,400.0,0.0,0.0,1.0,0.0,0.0,0.0,8,2.0,202.0,408.0,211.0,528.0,1.0
990,14525.0,100.0,200.0,0.0,1.0,0.0,0.0,0.0,0.0,91,10.0,110.0,291.0,148.0,391.0,0.0
991,14526.0,600.0,1200.0,0.0,0.0,3.0,53.0,0.0,53.0,779,211.0,864.0,2032.0,1296.0,3241.0,0.0
992,14532.0,100.0,200.0,0.0,1.0,0.0,27.0,0.0,27.0,215,67.0,194.0,442.0,290.0,751.0,0.0
993,14536.0,50.0,100.0,1.0,0.0,0.0,0.0,0.0,0.0,20,0.0,50.0,120.0,29.0,70.0,1.0
994,14541.0,200.0,400.0,0.0,0.0,1.0,0.0,0.0,0.0,8,2.0,202.0,408.0,196.0,574.0,0.0
995,14544.0,50.0,100.0,1.0,0.0,0.0,0.0,0.0,0.0,22,7.0,57.0,122.0,68.0,362.0,0.0
996,14546.0,250.0,500.0,1.0,0.0,1.0,0.0,0.0,0.0,69,0.0,250.0,569.0,362.0,636.0,0.0
997,14560.0,50.0,100.0,1.0,0.0,0.0,0.0,0.0,0.0,16,5.0,55.0,116.0,62.0,251.0,0.0
998,14564.0,0.0,0.0,0.0,0.0,0.0,79.0,0.0,79.0,822,483.0,562.0,901.0,842.0,2460.0,0.0
999,14568.0,200.0,400.0,0.0,0.0,1.0,0.0,0.0,0.0,117,5.0,205.0,517.0,213.0,787.0,0.0
1000,14569.0,100.0,200.0,0.0,1.0,0.0,0.0,0.0,0.0,120,52.0,152.0,320.0,189.0,579.0,0.0
1001,14580.0,800.0,1600.0,0.0,0.0,4.0,47.0,0.0,47.0,1056,739.0,1586.0,2703.0,2378.0,7665.0,0.0
1002,14586.0,300.0,600.0,0.0,1.0,1.0,0.0,0.0,0.0,48,13.0,313.0,648.0,386.0,1873.0,0.0
1003,14589.0,300.0,600.0,0.0,1.0,1.0,0.0,0.0,0.0,110,88.0,388.0,710.0,562.0,1268.0,0.0
1004,14590.0,200.0,400.0,0.0,0.0,1.0,0.0,0.0,0.0,62,51.0,251.0,462.0,112.0,589.0,1.0
1005,14608.0,100.0,200.0,0.0,1.0,0.0,0.0,25.0,25.0,764,480.0,580.0,989.0,726.0,1977.0,1.0
1006,14609.0,600.0,1200.0,0.0,0.0,3.0,148.0,0.0,148.0,2136,938.0,1686.0,3484.0,2529.0,5980.0,1.0
1007,14612.0,850.0,1700.0,1.0,0.0,4.0,25.0,0.0,25.0,337,73.0,948.0,2062.0,1421.0,4675.0,0.0
1008,14617.0,200.0,400.0,0.0,0.0,1.0,53.0,0.0,53.0,670,375.0,628.0,1123.0,941.0,3200.0,0.0
1009,14621.0,1000.0,2000.0,0.0,0.0,5.0,28.0,0.0,28.0,1906,702.0,1730.0,3934.0,2595.0,6519.0,1.0
1010,14622.0,400.0,800.0,0.0,0.0,2.0,0.0,0.0,0.0,211,59.0,459.0,1011.0,688.0,1708.0,0.0
1011,14623.0,0.0,0.0,0.0,0.0,0.0,0.0,0.0,0.0,1368,1131.0,1131.0,1368.0,802.0,2015.0,1.0
1012,14625.0,0.0,0.0,0.0,0.0,0.0,21.0,0.0,21.0,408,221.0,242.0,429.0,362.0,1125.0,0.0
1013,14717.0,0.0,0.0,0.0,0.0,0.0,4.0,0.0,4.0,24,7.0,11.0,28.0,16.0,37.0,1.0
1014,14727.0,200.0,400.0,0.0,0.0,1.0,0.0,0.0,0.0,108,52.0,252.0,508.0,246.0,750.0,1.0
1015,14731.0,0.0,0.0,0.0,0.0,0.0,7.0,0.0,7.0,84,35.0,42.0,91.0,63.0,109.0,1.0
1016,14741.0,100.0,200.0,0.0,1.0,0.0,0.0,0.0,0.0,8,2.0,102.0,208.0,77.0,331.0,0.0
1017,14747.0,100.0,200.0,0.0,1.0,0.0,0.0,0.0,0.0,15,4.0,104.0,215.0,156.0,353.0,1.0
1018,14767.0,100.0,200.0,0.0,1.0,0.0,0.0,0.0,0.0,16,5.0,105.0,216.0,101.0,420.0,1.0
1019,14770.0,100.0,200.0,0.0,1.0,0.0,0.0,0.0,0.0,70,15.0,115.0,270.0,137.0,467.0,1.0
1020,14772.0,200.0,400.0,0.0,0.0,1.0,0.0,0.0,0.0,108,37.0,237.0,508.0,256.0,643.0,1.0
1021,14805.0,50.0,100.0,1.0,0.0,0.0,0.0,0.0,0.0,8,2.0,52.0,108.0,31.0,64.0,1.0
1022,14806.0,100.0,200.0,0.0,1.0,0.0,0.0,0.0,0.0,16,5.0,105.0,216.0,127.0,330.0,1.0
